agent_id,name,agent_email,address,phone
AGENT_0001,Vihaan Babu,vihaan_babu@hotmail.com,"H.No. 493, Rajan Ganj, Jalandhar 791094",5849790550
AGENT_0002,Sahil Manda,sahilmanda@yahoo.com,"873, Iyengar Road, Kanpur 956457",7582716820
AGENT_0003,Divit Srinivasan,divitsrinivasan@gmail.com,"575, Dass Circle
Mangalore 512953",7251579945
AGENT_0004,Manikya Mallick,manikya.mallick@outlook.com,"54/657
Gole Road, Vijayanagaram-533709",4648772784
AGENT_0005,Divit Chatterjee,divit_chatterjee@gmail.com,"H.No. 12, Kulkarni Circle
Sri Ganganagar-824584",5336869548
AGENT_0006,Jhanvi Dave,jhanvi_dave@outlook.com,"55/69
Hari Zila, Kalyan-Dombivli-891817",2151796086
AGENT_0007,Parinaaz Butala,parinaaz_butala@gmail.com,"791, Sha Nagar, Thanjavur 058264",2068781690
AGENT_0008,Vanya Soman,vanya_soman@gmail.com,"78/96
Barad
Amritsar-868560",4621902607
AGENT_0009,Krish Dugar,krish.dugar@hotmail.com,"H.No. 690, Kulkarni Marg
Hindupur 601654",3007362298
AGENT_00010,Ishita Mand,ishita.mand@gmail.com,"27/16
Kalita Street
Chandigarh 239411",1402582270
AGENT_00011,Mohanlal Luthra,mohanlal.luthra@yahoo.com,"H.No. 749, Shetty Marg, Purnia 303627",3804540737
AGENT_00012,Vidur Soni,vidur.soni@hotmail.com,"H.No. 29, Kunda Path
Bhind 204776",907965371
AGENT_00013,Nirvaan Divan,nirvaan_divan@hotmail.com,"82/42, Sawhney, Narasaraopet 011801",5722446431
AGENT_00014,Heer Jayaraman,heer.jayaraman@outlook.com,"11/26, Chad Ganj, Kamarhati-835531",9444094491
AGENT_00015,Saira Sheth,saira.sheth@gmail.com,"93/00
Sagar Zila
Dehri 796321",2745662806
AGENT_00016,Ojas Dutta,ojasdutta@gmail.com,"948, Bedi Marg
Ozhukarai 321549",2545037066
AGENT_00017,Vivaan Bali,vivaan_bali@outlook.com,"40
Kohli Nagar
Nellore 435651",9964031293
AGENT_00018,Rati Khatri,rati.khatri@gmail.com,"829, Mammen Road, Jammu 492102",1855065145
AGENT_00019,Kanav Ahuja,kanav.ahuja@hotmail.com,"H.No. 040, Kannan Zila
Mahbubnagar 999065",7102149511
AGENT_00020,Rania Dara,rania.dara@gmail.com,"22/75, Ram
Jammu 559373",2835805464
AGENT_00021,Kimaya Khanna,kimaya.khanna@gmail.com,"63, Trivedi
Berhampur 290121",6056388594
AGENT_00022,Tejas Koshy,tejaskoshy@yahoo.com,"136, Dhar Nagar, Rewa-479524",6026441851
AGENT_00023,Hunar Jain,hunar.jain@yahoo.com,"H.No. 738, Master Street
Farrukhabad 439697",380852682
AGENT_00024,Shlok Sunder,shloksunder@gmail.com,"86/71
Virk Nagar
Saharsa 759294",4719315660
AGENT_00025,Hunar Sant,hunarsant@outlook.com,"H.No. 571, Bala Ganj, Rewa 444957",141586136
AGENT_00026,Inaaya  Sharma,inaaya.sharma@gmail.com,"H.No. 031, Keer Road
Tiruchirappalli-973568",7413401593
AGENT_00027,Purab Bhatia,purabbhatia@gmail.com,"99/541, Bail Circle
Kadapa 166347",6744459019
AGENT_00028,Shaan Raval,shaanraval@yahoo.com,"H.No. 48, Dixit Circle, Machilipatnam-489343",3009808705
AGENT_00029,Hiran Sastry,hiran_sastry@gmail.com,"47, Yadav Marg
Pimpri-Chinchwad-651942",4017619503
AGENT_00030,Divij Sankar,divij_sankar@hotmail.com,"H.No. 012, Ramaswamy Street, Howrah-418994",8912009196
AGENT_00031,Pari Halder,pari_halder@gmail.com,"67/84
Sidhu Street
Adoni-857454",6551557008
AGENT_00032,Piya Bhardwaj,piya_bhardwaj@outlook.com,"98, Rama Street, Alwar-010940",8101445983
AGENT_00033,Diya Korpal,diya.korpal@outlook.com,"68
Dasgupta Path, Narasaraopet 719373",14014234
AGENT_00034,Dhruv Mangal,dhruv_mangal@hotmail.com,"354, De Nagar
Hubli–Dharwad-679847",8508978888
AGENT_00035,Rati Saraf,ratisaraf@hotmail.com,"266, Rau Circle
Jammu 353573",491923035
AGENT_00036,Nirvi Salvi,nirvi_salvi@gmail.com,"40, Thakkar Road
Shimoga-176308",4485378227
AGENT_00037,Biju Kashyap,bijukashyap@yahoo.com,"86/56
Mangal Chowk, Secunderabad-713503",6005135221
AGENT_00038,Kanav Sandhu,kanavsandhu@outlook.com,"H.No. 24, Sant Street, Patiala-084553",4933581643
AGENT_00039,Sara Baria,sarabaria@hotmail.com,"H.No. 05
Rattan Marg
Guna 569838",3387445619
AGENT_00040,Divij Ravel,divijravel@outlook.com,"36/090, Ghosh Street
Saharsa 897436",8312357029
AGENT_00041,Pihu Viswanathan,pihu_viswanathan@yahoo.com,"03/55, Khatri Path, Munger 079806",9588767743
AGENT_00042,Jayesh Sagar,jayesh.sagar@outlook.com,"526
Sem Ganj, Kanpur 884115",5971775390
AGENT_00043,Samaira Sridhar,samaira.sridhar@yahoo.com,"79/82, Choudhury Zila
Dehradun-053603",7159165418
AGENT_00044,Yasmin Trivedi,yasmintrivedi@hotmail.com,"83/374, Vora Marg, Aurangabad-243083",7347955407
AGENT_00045,Oorja Wadhwa,oorjawadhwa@gmail.com,"63/580
Bhagat Road, Karawal Nagar 705753",7126999336
AGENT_00046,Rasha Kala,rasha.kala@outlook.com,"H.No. 998, Ratti Marg, Pondicherry 879649",9410568188
AGENT_00047,Aayush Sur,aayush_sur@outlook.com,"H.No. 13
Sridhar Road, Asansol 273038",5757789982
AGENT_00048,Ritvik Anand,ritvikanand@gmail.com,"23/43, Lanka Zila, Proddatur 481070",9560173264
AGENT_00049,Bhavin Kaur,bhavin.kaur@outlook.com,"H.No. 040
Bhat Street
Tirupati-612706",3949582171
AGENT_00050,Advik Kibe,advikkibe@yahoo.com,"59/34
Rama Nagar, Dehri-489993",519354060
AGENT_00051,Manikya Sur,manikya.sur@yahoo.com,"465, Saran Nagar
Etawah-405216",7406724351
AGENT_00052,Stuvan Boase,stuvan_boase@outlook.com,"H.No. 30, Tiwari, Kalyan-Dombivli-594046",1351017038
AGENT_00053,Pihu Sur,pihu.sur@outlook.com,"097
Agate Path, Delhi 435813",963286634
AGENT_00054,Piya Kurian,piyakurian@outlook.com,"H.No. 95, Dixit Chowk, Vijayawada 804253",6248030121
AGENT_00055,Neysa Kota,neysakota@gmail.com,"H.No. 261
Singh Road, Satara-447539",4507893053
AGENT_00056,Dishani Khatri,dishani.khatri@yahoo.com,"43/16, Rastogi Road
Warangal 603584",164548713
AGENT_00057,Yuvraj  Chahal,yuvrajchahal@yahoo.com,"60/302, Zacharia Ganj
Jamalpur 389655",2385251007
AGENT_00058,Anay Randhawa,anay_randhawa@gmail.com,"H.No. 52, Bains Chowk
Naihati 722614",8526699752
AGENT_00059,Jayant Sastry,jayant.sastry@hotmail.com,"68/19
Kunda Marg
Hindupur-226945",458947754
AGENT_00060,Samaira Sankaran,samaira_sankaran@gmail.com,"92
Char Nagar, Kochi 828013",8235834352
AGENT_00061,Kiara Dayal,kiara_dayal@hotmail.com,"71/06, Raja Chowk, Deoghar 118876",9229251475
AGENT_00062,Zaina Devi,zaina.devi@outlook.com,"56/968, Kar Chowk
Ozhukarai-122112",1494394112
AGENT_00063,Lakshit Dave,lakshit_dave@yahoo.com,"04/880, Sunder Road, Kirari Suleman Nagar-941845",6853860795
AGENT_00064,Tarini Garde,tarini_garde@gmail.com,"H.No. 56, Bava Nagar
Bongaigaon-075675",9363452086
AGENT_00065,Ivan Sengupta,ivan_sengupta@outlook.com,"H.No. 984
Thaman, Udupi-339889",1554417605
AGENT_00066,Lagan Raj,laganraj@gmail.com,"56/03, Dani Ganj, Bhilai-188373",3073736924
AGENT_00067,Vaibhav Dugal,vaibhav_dugal@yahoo.com,"44
Gaba Street, Fatehpur 380127",9105885324
AGENT_00068,Shamik Lata,shamik.lata@hotmail.com,"00/613, Zachariah Zila, Saharanpur 767329",2528328093
AGENT_00069,Prerak Wali,prerak.wali@gmail.com,"28
Sha Path
Raiganj 227244",8115131667
AGENT_00070,Mehul Gour,mehul.gour@outlook.com,"30/01, Brahmbhatt Marg, Jamnagar-353363",8818374849
AGENT_00071,Manikya Lal,manikya.lal@outlook.com,"95/21
Karpe Zila
Anantapur 030410",9196898861
AGENT_00072,Aaryahi Taneja,aaryahi_taneja@hotmail.com,"411
Anne Street, Bhopal 583666",4696921085
AGENT_00073,Sumer Gara,sumer_gara@gmail.com,"H.No. 52, Banik Chowk, Darbhanga 402939",823822006
AGENT_00074,Rania Sha,raniasha@hotmail.com,"05/047, Devan Road
Raipur 505693",1818290217
AGENT_00075,Hiran Swaminathan,hiranswaminathan@yahoo.com,"62/27
Gopal Road
Bidhannagar 391668",1337793285
AGENT_00076,Rohan Suresh,rohan_suresh@outlook.com,"H.No. 83
Dubey Ganj
Gaya 892956",2375275082
AGENT_00077,Umang Walla,umang.walla@outlook.com,"90, Kanda Circle, Thoothukudi 655492",4936474169
AGENT_00078,Stuvan Saran,stuvansaran@hotmail.com,"H.No. 49
Sahota Marg
Bhopal-873921",5775428939
AGENT_00079,Adira Sahni,adira.sahni@hotmail.com,"168
Batta Zila
Gandhidham-026774",1395415563
AGENT_00080,Ivana Sani,ivana_sani@hotmail.com,"H.No. 44
Rattan Street, Karnal 336555",7308985817
AGENT_00081,Baiju Kaul,baiju.kaul@gmail.com,"H.No. 68, Bhatnagar Road
Darbhanga-069761",1140644143
AGENT_00082,Kanav Basak,kanav_basak@hotmail.com,"02, Kashyap Road
Bhiwandi 443024",7446021753
AGENT_00083,Shayak Thaman,shayak_thaman@hotmail.com,"80/16
Kara Ganj
Vasai-Virar 522881",5485992751
AGENT_00084,Priyansh Dhar,priyanshdhar@outlook.com,"H.No. 06
Doctor Path, Ambattur-182145",8863909531
AGENT_00085,Neelofar Vora,neelofar_vora@gmail.com,"00, Sundaram Ganj
Bhagalpur 420196",290873523
AGENT_00086,Yuvraj  Bhargava,yuvrajbhargava@outlook.com,"94/99, Wable Ganj, Srinagar 634243",1834429867
AGENT_00087,Sara Atwal,sara.atwal@outlook.com,"01/70, Som Marg, Khammam-243680",8461280815
AGENT_00088,Anvi Ghose,anvi.ghose@gmail.com,"837
Verma Path, Anantapur 073561",6274654906
AGENT_00089,Mamooty Yadav,mamootyyadav@yahoo.com,"H.No. 75, Dave Circle, Coimbatore 402588",191218108
AGENT_00090,Lagan Bhattacharyya,laganbhattacharyya@yahoo.com,"71/116
Mahal Nagar
Sagar 700395",2173129136
AGENT_00091,Mamooty Sant,mamooty_sant@hotmail.com,"H.No. 24, Sant Marg
Rajkot 208923",898635154
AGENT_00092,Aniruddh Iyengar,aniruddh.iyengar@hotmail.com,"H.No. 27
Thaker Nagar
Orai 056876",4896969450
AGENT_00093,Elakshi Chand,elakshichand@outlook.com,"47/665
Brahmbhatt Road, Dharmavaram-269003",8285541461
AGENT_00094,Manikya Bajwa,manikyabajwa@gmail.com,"H.No. 054, Mammen Path, Hazaribagh-941057",6029781604
AGENT_00095,Ishaan Goyal,ishaan_goyal@hotmail.com,"27/535
Toor Street, Khammam-103306",9028863767
AGENT_00096,Bhamini Mall,bhamini.mall@hotmail.com,"75
Sandal Path
Patna 166993",2390814485
AGENT_00097,Sahil Jayaraman,sahiljayaraman@gmail.com,"38/49
Ramachandran Chowk, Muzaffarpur 155550",4639442905
AGENT_00098,Sara Sankaran,sara_sankaran@yahoo.com,"57/820
Bir Chowk, Hapur 868416",6237317266
AGENT_00099,Krish Bal,krishbal@hotmail.com,"H.No. 869
Bir Zila, Moradabad-020414",8735810781
AGENT_000100,Badal Sahni,badal_sahni@yahoo.com,"41/842
Kari Street, Jamnagar 879345",7767711958
AGENT_000101,Kashvi Hayer,kashvi.hayer@hotmail.com,"H.No. 552, Khurana, Kavali 562415",7464386478
AGENT_000102,Chirag Khanna,chiragkhanna@outlook.com,"311
Tailor Path, Anand-697996",2328347493
AGENT_000103,Pihu Venkataraman,pihu_venkataraman@yahoo.com,"H.No. 332, Aurora Ganj, Bhimavaram-362767",8537960786
AGENT_000104,Adah Rattan,adahrattan@gmail.com,"54, Balay Circle
Machilipatnam-391955",5208809633
AGENT_000105,Tiya Sachdeva,tiya_sachdeva@gmail.com,"823
Raju Chowk, Patna-529310",4280677641
AGENT_000106,Rhea Anand,rheaanand@hotmail.com,"61/932
Konda Path, Bhilwara-541658",9951154933
AGENT_000107,Saira Dalal,saira_dalal@yahoo.com,"H.No. 632, Manne Street, Kakinada-076199",5586301270
AGENT_000108,Krish Keer,krishkeer@hotmail.com,"71
Chawla Chowk
Mira-Bhayandar-484681",5243418944
AGENT_000109,Nayantara Saraf,nayantarasaraf@gmail.com,"01, Sur Circle, Bhimavaram-619863",6783684840
AGENT_000110,Amira Seth,amiraseth@outlook.com,"60/21
Bahl
Thiruvananthapuram-464499",2472389021
AGENT_000111,Akarsh Sur,akarsh.sur@hotmail.com,"86/435, Ram, Machilipatnam 402175",1072423297
AGENT_000112,Divij Tiwari,divij_tiwari@yahoo.com,"99, Sachdev Road, Meerut-130152",8787904465
AGENT_000113,Ivana Iyengar,ivanaiyengar@outlook.com,"99, Bobal
Bhimavaram-927607",1278505817
AGENT_000114,Prerak Mandal,prerak.mandal@hotmail.com,"H.No. 281, Uppal Ganj, Orai-520663",724226341
AGENT_000115,Hrishita D’Alia,hrishita.d’alia@gmail.com,"52
Sangha Circle
Kadapa 952738",3315302609
AGENT_000116,Zain Das,zaindas@gmail.com,"H.No. 12
Shetty Nagar
Jamshedpur-525411",4689620369
AGENT_000117,Anaya Ahluwalia,anaya_ahluwalia@gmail.com,"798
D’Alia Circle, Alappuzha-031548",7410675964
AGENT_000118,Samiha Chaudhry,samiha_chaudhry@hotmail.com,"57, Mahal Nagar, Chapra 283276",9006352662
AGENT_000119,Mamooty Chhabra,mamootychhabra@yahoo.com,"H.No. 11
Anand Road, Berhampore 977833",4096998591
AGENT_000120,Seher Rau,seherrau@hotmail.com,"H.No. 637
Shenoy, Suryapet-115802",5938736821
AGENT_000121,Dharmajan Vora,dharmajan.vora@outlook.com,"35/345, Sheth Circle
Sangli-Miraj & Kupwad-582221",5890869932
AGENT_000122,Stuvan Bali,stuvanbali@outlook.com,"90/39, Lal, Meerut 921342",2488232771
AGENT_000123,Kashvi Sarraf,kashvi_sarraf@hotmail.com,"36/81
Chanda Chowk, Madurai-210477",4153013984
AGENT_000124,Pari Kunda,pari_kunda@outlook.com,"H.No. 390
Kapadia Street
South Dumdum-339688",8681932114
AGENT_000125,Prisha Gulati,prishagulati@gmail.com,"728
Shankar Ganj
Mathura 462202",3913851372
AGENT_000126,Emir Dass,emir.dass@yahoo.com,"H.No. 00, Rau Ganj
Danapur-565966",6852624628
AGENT_000127,Arnav Mallick,arnavmallick@yahoo.com,"H.No. 411
Sodhi Circle, Jamnagar 658336",9727861326
AGENT_000128,Lakshay Ahluwalia,lakshayahluwalia@outlook.com,"61/165
Amble Ganj, Gudivada 935492",6411978633
AGENT_000129,Seher Sankar,sehersankar@hotmail.com,"14/01
Grover Path
Udaipur-258727",8908508677
AGENT_000130,Ojas Grewal,ojas_grewal@gmail.com,"698, Sha Chowk, Thoothukudi 703457",447570800
AGENT_000131,Renee Saini,reneesaini@outlook.com,"H.No. 13, Sood Street, Jorhat-623612",8422196700
AGENT_000132,Ehsaan Dhawan,ehsaandhawan@gmail.com,"H.No. 27, Chaudhuri Nagar
Jamshedpur 428339",3180539769
AGENT_000133,Samar Mangat,samar_mangat@yahoo.com,"18, Sharaf Zila, Kolkata-803160",4821594942
AGENT_000134,Prerak Bhatia,prerak_bhatia@gmail.com,"39/470, Ghosh Marg
Coimbatore-557188",9928220417
AGENT_000135,Gatik Kata,gatik.kata@outlook.com,"94
Wali Path, Bhatpara 422344",5281774556
AGENT_000136,Krish Som,krish.som@yahoo.com,"H.No. 002
Tiwari Ganj, Kharagpur-618964",1693686786
AGENT_000137,Aniruddh Borra,aniruddh_borra@outlook.com,"H.No. 93
Bhakta Chowk, Surat-265678",2510377641
AGENT_000138,Akarsh Gola,akarsh.gola@hotmail.com,"044, Agate Road
Madurai 658995",4119192910
AGENT_000139,Trisha Thaman,trisha_thaman@hotmail.com,"H.No. 87
Ravel Road
Gwalior-004855",8310320346
AGENT_000140,Kismat Mangal,kismat.mangal@gmail.com,"818, Zachariah Path
Patna 401391",5249935062
AGENT_000141,Manikya Buch,manikya_buch@hotmail.com,"H.No. 58, Kumer
Kishanganj-124114",6320757925
AGENT_000142,Eshani Sahota,eshani_sahota@outlook.com,"98/836, Sengupta Zila, Loni 508396",650913911
AGENT_000143,Shray Brar,shray_brar@yahoo.com,"577, Sastry Ganj, Silchar 033989",4930016641
AGENT_000144,Raunak Hari,raunakhari@hotmail.com,"71/401
Banerjee Street
Rajpur Sonarpur 375839",9927484198
AGENT_000145,Nakul Chada,nakul_chada@gmail.com,"47, Chadha Path, Amritsar-015030",4200735517
AGENT_000146,Nehmat Rastogi,nehmatrastogi@hotmail.com,"07
Sandal Path
Haldia-550047",2597827273
AGENT_000147,Bhamini Majumdar,bhamini.majumdar@yahoo.com,"36/47
Ahluwalia Ganj
New Delhi-163664",2690979420
AGENT_000148,Oorja Dutt,oorjadutt@gmail.com,"518, Ray Zila
Haridwar-368210",6649457614
AGENT_000149,Shlok Behl,shlok.behl@outlook.com,"90/528, Walia Street
Noida 125518",225807545
AGENT_000150,Nitya Date,nityadate@outlook.com,"H.No. 069
Chawla Road, Karnal 033999",9237688713
AGENT_000151,Myra Chaudhari,myrachaudhari@outlook.com,"H.No. 927, Tripathi Zila
Madurai 110907",22871927
AGENT_000152,Sana Buch,sana.buch@yahoo.com,"36/508
Gole Road
Tiruvottiyur-101080",2377617945
AGENT_000153,Aarna Ram,aarna_ram@yahoo.com,"14/06
Yogi Marg
Guna 173752",627295891
AGENT_000154,Khushi Kadakia,khushi_kadakia@outlook.com,"H.No. 802
Master Street, Davanagere 933102",6846168068
AGENT_000155,Shanaya Kannan,shanaya_kannan@yahoo.com,"H.No. 98, Agate Marg, Jaunpur 692265",7328688286
AGENT_000156,Anvi Salvi,anvi.salvi@yahoo.com,"90/046
Rastogi, Guwahati-411996",2426357789
AGENT_000157,Nirvaan Subramanian,nirvaan_subramanian@gmail.com,"208
Gandhi Ganj
Nizamabad 212586",3146190846
AGENT_000158,Yuvaan Walia,yuvaan.walia@gmail.com,"52/43, Bawa Chowk, Barasat-125708",998733755
AGENT_000159,Arhaan Suri,arhaansuri@outlook.com,"27/47, Basak Zila
Nanded 054948",8977208557
AGENT_000160,Vivaan Barad,vivaanbarad@hotmail.com,"H.No. 21
Kohli, Malda-086989",4553700851
AGENT_000161,Lakshit Bumb,lakshitbumb@gmail.com,"H.No. 77, Varghese
Pimpri-Chinchwad 963027",2650203000
AGENT_000162,Dishani Dubey,dishanidubey@yahoo.com,"98/80
Maharaj
Aligarh-293824",1290341969
AGENT_000163,Indrajit Desai,indrajit.desai@hotmail.com,"510
Chander Chowk
Miryalaguda-533576",7815820166
AGENT_000164,Divit Roy,divit.roy@yahoo.com,"H.No. 514, Mann Nagar
Gwalior-504267",3105068833
AGENT_000165,Zaina Dey,zaina_dey@yahoo.com,"089, Zachariah Circle
Aligarh 205099",8846486445
AGENT_000166,Jivika Sane,jivika.sane@yahoo.com,"H.No. 602
Sekhon Street, Surat 097618",3815101850
AGENT_000167,Bhavin Baria,bhavinbaria@hotmail.com,"H.No. 103, Chokshi Ganj
Mehsana-106556",2765762296
AGENT_000168,Vaibhav Sinha,vaibhav.sinha@gmail.com,"84/885, Ray Chowk, Jamalpur 633353",4082050003
AGENT_000169,Ivana Rama,ivana_rama@yahoo.com,"H.No. 417, Brar Ganj
Berhampur-242898",5175569494
AGENT_000170,Indrajit Chaudhari,indrajit_chaudhari@outlook.com,"H.No. 20, Savant Chowk, Farrukhabad 522327",548204953
AGENT_000171,Chirag Handa,chirag_handa@hotmail.com,"668
Sood
Kakinada-866006",6792046463
AGENT_000172,Amani Dass,amani.dass@hotmail.com,"38/54
Sabharwal Street, Muzaffarnagar 020595",5167716399
AGENT_000173,Zain Chhabra,zain.chhabra@hotmail.com,"H.No. 86
Som Street
Pune 151800",8840864763
AGENT_000174,Shamik Vala,shamikvala@hotmail.com,"21/85, Ranganathan
Durg 414585",6546226004
AGENT_000175,Nishith Mander,nishithmander@gmail.com,"304, Dubey Chowk
Pune 088651",5429640980
AGENT_000176,Devansh Mangat,devansh_mangat@outlook.com,"06/98, Baria Nagar
Nangloi Jat-400409",4298156502
AGENT_000177,Miraya Halder,miraya_halder@hotmail.com,"H.No. 337, Grover Street, Kozhikode 715244",5852886035
AGENT_000178,Nirvaan Hari,nirvaanhari@gmail.com,"89
Venkatesh Chowk
Tiruchirappalli-342217",3929243681
AGENT_000179,Fateh Wali,fateh_wali@yahoo.com,"12
Dey Zila, Uluberia-514428",6816530780
AGENT_000180,Trisha Ramanathan,trisha_ramanathan@outlook.com,"07/01
Lal Path, Bhalswa Jahangir Pur-432276",1250395991
AGENT_000181,Reyansh Barad,reyansh_barad@outlook.com,"80/40, Shenoy Chowk, Berhampur 304858",6089048867
AGENT_000182,Priyansh Behl,priyansh_behl@yahoo.com,"H.No. 46, Manne Marg
Nagercoil 800561",4267258898
AGENT_000183,Ishaan Hans,ishaan_hans@gmail.com,"27/25
Varkey
New Delhi 083931",9374704079
AGENT_000184,Vihaan Agate,vihaan_agate@gmail.com,"69/748
Kapoor Circle
Jalandhar-542053",3168986749
AGENT_000185,Ivan Khanna,ivan_khanna@gmail.com,"93/637
Kumar
Nellore-931563",3626628353
AGENT_000186,Uthkarsh Shenoy,uthkarsh.shenoy@gmail.com,"39/68, Venkatesh Nagar
Allahabad-058701",1681135108
AGENT_000187,Tanya Chokshi,tanya.chokshi@yahoo.com,"31, Chowdhury Marg, Chapra-854291",453455190
AGENT_000188,Nishith Sekhon,nishithsekhon@gmail.com,"H.No. 29, Dasgupta Path, Visakhapatnam-556834",4547135319
AGENT_000189,Misha Chaudhary,misha.chaudhary@gmail.com,"H.No. 29
Karan Marg
Ozhukarai 539248",8350823735
AGENT_000190,Indrajit Chaudhari,indrajit_chaudhari@gmail.com,"22/064, Bala Path, Nangloi Jat-576709",9802870247
AGENT_000191,Reyansh Batta,reyanshbatta@gmail.com,"H.No. 66
Balasubramanian Ganj
Sasaram 495427",4763098734
AGENT_000192,Yakshit Gade,yakshitgade@outlook.com,"96
Shetty
Ozhukarai-559516",7351077566
AGENT_000193,Madhav Manda,madhav.manda@hotmail.com,"62
Balay Marg, Aurangabad 494305",4648183768
AGENT_000194,Faiyaz Chada,faiyazchada@hotmail.com,"23/957, Kalla Chowk, Bhavnagar-892744",7023935527
AGENT_000195,Ishaan Bajwa,ishaan_bajwa@hotmail.com,"24/603, Bir Street, Gurgaon-201303",2772342688
AGENT_000196,Lakshit Chad,lakshitchad@yahoo.com,"721, Kaul Marg
Guntakal-120406",4233232371
AGENT_000197,Zara Chaudhari,zara_chaudhari@yahoo.com,"H.No. 01, Vala, Rourkela 329637",9987075397
AGENT_000198,Mamooty Char,mamooty.char@yahoo.com,"55/51
Sastry Ganj, Bardhaman 885958",3446388631
AGENT_000199,Damini Bhatt,damini.bhatt@gmail.com,"81/447
Zacharia Chowk, Katni 024606",8762936552
AGENT_000200,Fateh Sarkar,fatehsarkar@gmail.com,"93
Batta Nagar, Singrauli-631747",2989445110
AGENT_000201,Samiha Sundaram,samiha.sundaram@hotmail.com,"319, Shankar Circle, Pali-061576",6763374714
AGENT_000202,Arhaan Kibe,arhaan.kibe@outlook.com,"80
Saha, Khora -078285",6879902500
AGENT_000203,Eva Kibe,eva_kibe@gmail.com,"H.No. 859, Saxena Chowk
Imphal-464019",6469431572
AGENT_000204,Sahil Yogi,sahil.yogi@outlook.com,"H.No. 41
Sridhar Marg, Jamshedpur 515854",6623049605
AGENT_000205,Jhanvi Wable,jhanvi_wable@gmail.com,"H.No. 06, Ganguly Road
Hazaribagh-594149",7783450214
AGENT_000206,Ira Korpal,irakorpal@outlook.com,"51/821
Bal, Bihar Sharif-385925",5170846345
AGENT_000207,Biju Lanka,biju_lanka@hotmail.com,"75/766, Kaur Ganj, Ramagundam 836221",6835506788
AGENT_000208,Myra Balakrishnan,myra.balakrishnan@outlook.com,"H.No. 00
Sastry Path, Kakinada-963980",6291690878
AGENT_000209,Jiya Ratta,jiya_ratta@gmail.com,"H.No. 71, Sunder Circle
Jaipur-786577",506377858
AGENT_000210,Indranil Bedi,indranil_bedi@outlook.com,"H.No. 25
Kale Ganj
Gurgaon-459660",8038878898
AGENT_000211,Samiha Acharya,samiha.acharya@yahoo.com,"45/357
Mallick Zila
Bidhannagar 488573",4430864137
AGENT_000212,Umang Sagar,umang_sagar@gmail.com,"79/88
Raman Zila
Vadodara-753959",5496803960
AGENT_000213,Seher Sanghvi,sehersanghvi@yahoo.com,"62/12, Kakar Chowk
Tadepalligudem-372548",4888036926
AGENT_000214,Zara Kulkarni,zara_kulkarni@hotmail.com,"63/98
Arora Street
Malegaon 377825",7611383399
AGENT_000215,Nehmat Tara,nehmat_tara@hotmail.com,"H.No. 797, Jain Road
Anand 074644",72371795
AGENT_000216,Onkar Saxena,onkar.saxena@hotmail.com,"915, Dar Marg, Ramagundam 603945",6286770893
AGENT_000217,Zeeshan Babu,zeeshan.babu@hotmail.com,"H.No. 677
Soman Nagar, Amritsar-986509",4837021322
AGENT_000218,Lakshay Hans,lakshay.hans@outlook.com,"H.No. 451, Ramaswamy Chowk, Kumbakonam 821953",4279755118
AGENT_000219,Kavya Thakkar,kavyathakkar@hotmail.com,"H.No. 61
Gill Ganj
Shimoga 861905",4877222848
AGENT_000220,Nitara Bhattacharyya,nitara_bhattacharyya@gmail.com,"H.No. 67, Dash Street
Amaravati-504130",2715250282
AGENT_000221,Samarth Bassi,samarth.bassi@gmail.com,"86, Mann Zila
Ludhiana 862031",3350632205
AGENT_000222,Miraan Chatterjee,miraan.chatterjee@yahoo.com,"93/469
Bakshi Ganj, Bikaner 454094",9205363229
AGENT_000223,Dhanuk Badal,dhanuk_badal@outlook.com,"33
Thaker Path, Secunderabad-041484",4140518284
AGENT_000224,Shlok Bobal,shlokbobal@hotmail.com,"20/29, Balay Path, Rourkela-603432",824390331
AGENT_000225,Inaaya  Desai,inaayadesai@hotmail.com,"86/203
Khalsa Marg
Nadiad 270370",7010849977
AGENT_000226,Samiha Bawa,samiha_bawa@yahoo.com,"H.No. 094, Mannan Street
Maheshtala 710483",8228612626
AGENT_000227,Anahita Srinivasan,anahitasrinivasan@gmail.com,"295, Bhargava Nagar
Nadiad 609408",535651254
AGENT_000228,Ahana  Chaudhuri,ahana_chaudhuri@hotmail.com,"H.No. 34
Anne, Chinsurah-725323",658786358
