sub_id,name,phone,mail,address,sub_type
sub_0001,Bharat Petroleum,+91 (22) 24117831 / +91 (22) 24176294,bpclsaptc@bharatpetroleum.in,"Bharat Bhavan, Plot no 31, Prince Gulam, MD. Shah Road, Golf Green, Kolkata, West Bengal-700095",company
sub_0002,HDFC Bank,1800 202 6161 / 1860 267 6161,service@hdfclife.com,"1st Floor, HDFC House, Backbay Reclamation, H. T. Parekh Marg, Churchgate, Mumbai - 400020",company
sub_0003,Tata Consultancy Services (TCS),"(022) 67789999 67789393, +91-22-6778 9595",global.marketing@tcs.com,"Mumbai, Maharashtra, India",company
sub_0004,Mahindra & Mahindra,-66423731,insurance.care@mahindra.com,"Mahindra Towers,Dr. GM.Bhosale Marg,P.K. Kurne Chowk, Worli,Mumbai - 400018",company
sub_0005,ICICI Bank,1800 2666,customersupport@icicilombard.com,"ICICI Lombard House414, P.Balu Marg,Off Veer Sawarkar Marg,near Siddhivinayak Temple, Prabhadevi Mumbai-400025",company
sub_0006,Bharat Heavy Electricals Limited (BHEL),033 2321 6130,companysecretary@bhel.in,"Bharat Heavy Electrical, 7th Cross Rd, DJ 9/1, Sector II, Bidhannagar, Kolkata, West Bengal 700091",company
sub_0007,Reliance Industries,1800 3009 / +91 22 48903009,rgicl.services@relianceada.com,"Commercial Centre, Urvashi Complex, 1st Floor, Silver Lining Tower, At UPC, Urvashi Commercial Centre 1st Floor, Silver Lining Tower, At UPC, City Center, Durgapur, West Bengal 713216",company
sub_0008,Infosys,080-28520261,-,"No. 44, Hosur Road, Electronics City,, Bengaluru Karnataka 560100",company
sub_0009,Wipro,033 4461 0100,reachus@wipro.com,"1, 7, 8 & 9, Street Number 13, DM Block, Sector V, Bidhannagar, Kolkata, West Bengal 700091",company
sub_00010,IBM India,"1-800-425-3303,1-800-425-1266", response@in.ibm.com,"No.12, Subramanya Arcade,Bannerghatta Main Road,BangaluruIndia - 560 029",company
subs-00000,Yasmin Borde,6478377380,yasmin.borde@gmail.com,"18/91, Zachariah Marg, Ramagundam-769930",Family
subs-00002,Vivaan Khalsa,4486940293,vivaan.khalsa@outlook.com,"H.No. 131
Keer Circle, Satna 562462",Family
subs-00004,Azad Agrawal,9103346322,azad_agrawal@outlook.com,"93/17, Vala Ganj
Saharsa-182336",Family
subs-00006,Adira Raman,2025028902,adira.raman@yahoo.com,"63/044, Bhardwaj Marg
Jalna 938805",Self
subs-00007,Anika Dora,5628486333,anikadora@gmail.com,"H.No. 96
Mann Marg, Orai 933634",Self
subs-00013,Jivika Borde,3909616152,jivikaborde@gmail.com,"36, Kaul, Kolkata-978100",Self
subs-00014,Jhanvi Raval,3979151366,jhanviraval@gmail.com,"98/338, Kibe Marg, Aurangabad 812240",Family
subs-00015,Sana Luthra,3210475202,sanaluthra@yahoo.com,"27
Chadha Road, Karimnagar-543600",Family
subs-00016,Ayesha Sarin,3932993567,ayesha_sarin@gmail.com,"H.No. 96, Aggarwal Ganj, Narasaraopet 249832",Self
subs-00019,Amani Khanna,5260209142,amanikhanna@gmail.com,"93/550, Saran Road
Bangalore-905261",Family
subs-00022,Drishya Khanna,3991799589,drishya.khanna@yahoo.com,"49/43
Ganesan Road
Panipat 711632",Family
subs-00023,Madhup Bose,8703260427,madhupbose@hotmail.com,"43
Chauhan Path, Surendranagar Dudhrej-283664",Self
subs-00027,Yakshit Sharaf,3519136281,yakshitsharaf@gmail.com,"H.No. 375
Shere Chowk
Rohtak-074019",Family
subs-00029,Manjari Saha,401193473,manjari_saha@yahoo.com,"39/183, Kala Street
Ajmer 499744",Family
subs-00030,Badal Sule,9700421357,badalsule@yahoo.com,"10, Manda Zila, Baranagar 068982",Self
subs-00031,Charvi Ganguly,5738508826,charvi.ganguly@hotmail.com,"H.No. 400, Dube Zila, Ratlam 629819",Family
subs-00033,Ranbir Desai,4487576347,ranbir.desai@outlook.com,"H.No. 38, Sami Circle
Anantapur 853981",Family
subs-00036,Shalv Thaman,7112526670,shalv_thaman@hotmail.com,"46/936
Mani Ganj
Dharmavaram 490645",Self
subs-00042,Miraan Sane,5956256981,miraan.sane@hotmail.com,"84/13, Dutta
Sambhal 144518",Family
subs-00043,Hansh Barman,5117885025,hansh.barman@yahoo.com,"H.No. 916, Desai Zila, Bongaigaon-633917",Family
subs-00045,Manjari Chander,7220610887,manjari.chander@hotmail.com,"48/30, Bajaj Road
Surat 246940",Family
subs-00046,Advik Choudhary,1412338665,advikchoudhary@gmail.com,"51, Shenoy Ganj, Udupi-731522",Family
subs-00049,Kashvi Dugar,6156738800,kashvidugar@hotmail.com,"42/016, Zacharia
Rourkela 143425",Self
subs-00050,Taimur Bains,4836376196,taimurbains@yahoo.com,"H.No. 40, Lal Ganj
Srikakulam-187485",Self
subs-00052,Kiara Jani,8914741469,kiara.jani@gmail.com,"70, Biswas Zila
Aurangabad 429805",Family
subs-00059,Zoya Shroff,8605082879,zoya_shroff@hotmail.com,"95/03
Borde Road, Kozhikode 478005",Self
subs-00062,Mamooty Bhat,1305415392,mamootybhat@hotmail.com,"721
Shah Ganj, Surendranagar Dudhrej-328613",Family
subs-00067,Bhavin Chandra,9436199934,bhavin_chandra@outlook.com,"H.No. 71
Thakkar Marg, Vijayawada 083590",Family
subs-00068,Eva Shroff,8758806232,evashroff@yahoo.com,"20/67, Choudhry Road
Parbhani-184671",Family
subs-00070,Mannat Bajwa,4960157610,mannat_bajwa@gmail.com,"H.No. 80, Agarwal
Meerut-006676",Self
subs-00071,Stuvan Wadhwa,6859642843,stuvan_wadhwa@yahoo.com,"43/72
Date Zila, South Dumdum-036449",Self
subs-00072,Khushi Bajwa,5499967304,khushi.bajwa@outlook.com,"81/81, Bobal Ganj
Giridih 286632",Family
subs-00073,Chirag Dhawan,219733847,chiragdhawan@outlook.com,"H.No. 707, Dhar Nagar, Mira-Bhayandar 306613",Self
subs-00074,Dhruv Loke,555972008,dhruv.loke@hotmail.com,"56/86
Bali Nagar
Yamunanagar-277152",Family
subs-00075,Raghav Shah,7975436646,raghav.shah@yahoo.com,"32
Garg Marg
Ranchi-347264",Self
subs-00076,Onkar Jhaveri,9963700397,onkarjhaveri@yahoo.com,"24
Lal Marg, Jaipur 964403",Self
subs-00077,Jiya Koshy,3866808335,jiya_koshy@yahoo.com,"49/53
Kadakia Street, Raichur 836574",Family
subs-00079,Aayush Savant,3621428171,aayushsavant@hotmail.com,"59
Doctor Street, Munger-067883",Family
subs-00082,Manikya Singh,6768694349,manikyasingh@hotmail.com,"H.No. 34
Bora Circle
Ahmedabad-221504",Family
subs-00083,Eva Chada,6831938833,eva_chada@yahoo.com,"43, Behl Road, Durg 069720",Family
subs-00085,Advik Konda,3338389385,advik_konda@hotmail.com,"H.No. 646, Sekhon Zila, Gaya-482415",Self
subs-00091,Mohanlal Lall,6506556872,mohanlallall@hotmail.com,"H.No. 29
Mani, Barasat-054683",Family
subs-00092,Raghav Dutta,3733347255,raghavdutta@outlook.com,"83
Khurana Street
Durg 678927",Self
subs-00095,Jhanvi Dhar,6759084604,jhanvi.dhar@hotmail.com,"H.No. 275, Dalal, Rampur 476362",Family
subs-00096,Suhana Chana,5056250519,suhanachana@gmail.com,"13/99
Toor Road, Kolkata-948529",Self
subs-00099,Veer Zacharia,6777136709,veer_zacharia@outlook.com,"56/532, Sarin Street, Gandhinagar 227585",Family
subs-00101,Nitara Bakshi,4810546888,nitara.bakshi@yahoo.com,"22
Anand Circle, Howrah 850351",Family
subs-00102,Madhup Sharma,6088880138,madhup.sharma@yahoo.com,"30/48, Sahni
Kharagpur 589775",Family
subs-00111,Kismat Sarin,383642597,kismat.sarin@hotmail.com,"89, Goyal Nagar
Durg-191408",Family
subs-00112,Sahil Arya,2070782160,sahilarya@yahoo.com,"H.No. 13, Acharya
Mira-Bhayandar-619866",Self
subs-00113,Neelofar Dara,9397921758,neelofardara@gmail.com,"09/10
Vohra Chowk
Bhilai-075016",Self
subs-00114,Shalv Ganguly,6678010085,shalv.ganguly@yahoo.com,"02, Sawhney Street, Jamshedpur-819430",Family
subs-00115,Ryan Yogi,8441566511,ryan_yogi@hotmail.com,"H.No. 604
Krishna Nagar, Akola-624993",Family
subs-00116,Advik Tank,1486079562,advik.tank@yahoo.com,"H.No. 92, Dube Street
Buxar-792844",Family
subs-00117,Mannat Master,6553962430,mannat.master@hotmail.com,"12
Choudhury Circle
Pondicherry-881828",Family
subs-00118,Ryan Sridhar,7745090859,ryan.sridhar@gmail.com,"70/532
Gala Chowk, Bhilai 261664",Family
subs-00119,Kiaan Bir,9248373010,kiaanbir@gmail.com,"H.No. 54
Master Street, Bhavnagar 257193",Self
subs-00121,Shray Kohli,7012466456,shraykohli@yahoo.com,"H.No. 04, Sathe Ganj
Ahmedabad-913859",Family
subs-00127,Vidur Agarwal,5420416201,viduragarwal@outlook.com,"186
Kadakia Street
Rourkela-223842",Family
subs-00131,Hiran Shan,8650517446,hiranshan@yahoo.com,"10/058
Deshmukh Chowk
Pudukkottai-174425",Self
subs-00132,Kiaan Varkey,1465457866,kiaan.varkey@gmail.com,"855, Wagle Path, Guntur 387659",Family
subs-00134,Riaan Srinivas,2081118676,riaansrinivas@gmail.com,"22/504
Bal Zila, Jorhat 122120",Family
subs-00135,Kimaya Saran,5338891278,kimaya_saran@outlook.com,"79/522, Vasa Road, Ghaziabad 757093",Self
subs-00136,Himmat Virk,9493723423,himmat.virk@yahoo.com,"153
Hayer Path
Jalandhar 647489",Family
subs-00137,Indranil Tiwari,917550387,indranil.tiwari@gmail.com,"47/59
Raval Road, Singrauli-054759",Self
subs-00138,Dhruv Golla,4621534144,dhruv_golla@outlook.com,"34/998
Khalsa Nagar, Ramagundam-704312",Family
subs-00139,Arnav Dewan,2221569779,arnavdewan@yahoo.com,"H.No. 679, Bal Marg, Muzaffarnagar 302690",Self
subs-00140,Sara Bhat,9254650804,sara.bhat@outlook.com,"215, Shetty Marg
Malegaon 856617",Family
subs-00141,Raunak Zachariah,827846664,raunakzachariah@yahoo.com,"H.No. 742, Tandon Zila, Bardhaman-026913",Family
subs-00142,Bhamini Bahri,7600776928,bhamini.bahri@gmail.com,"H.No. 54
Anand Chowk
Bhubaneswar-002151",Self
subs-00143,Alisha Badami,4968041092,alisha_badami@yahoo.com,"H.No. 08, Banik Ganj, Kishanganj 361663",Self
subs-00144,Rohan Chaudhuri,6244152341,rohan_chaudhuri@hotmail.com,"09/01, Krishnan Nagar, Purnia 329804",Family
subs-00145,Jayesh Chander,2945407768,jayesh_chander@outlook.com,"81/388, Goyal Circle
Tirunelveli-440284",Family
subs-00147,Manjari Babu,429665312,manjari.babu@gmail.com,"89
Mahal Zila, Fatehpur 418059",Self
subs-00148,Vedika Sachdev,2468683086,vedika_sachdev@outlook.com,"26/331
Rajan Road
Erode 743692",Family
subs-00150,Shray Mann,8486268875,shray.mann@gmail.com,"H.No. 04
Tata Marg, Chinsurah 409253",Self
subs-00151,Prisha Mangat,9849820501,prisha.mangat@hotmail.com,"45
Ramanathan Ganj
Ambala-941682",Self
subs-00154,Siya Kata,3839800657,siya_kata@outlook.com,"81/153
Karnik Zila, Danapur 962720",Family
subs-00155,Nehmat Khatri,5125815660,nehmat.khatri@yahoo.com,"57/003
Wagle Street
Ichalkaranji 772161",Family
subs-00157,Zeeshan Ramakrishnan,1017008268,zeeshan_ramakrishnan@gmail.com,"03/168, Dada Zila, Nanded 749649",Family
subs-00158,Anay Lall,546467860,anay.lall@outlook.com,"48
Kale Chowk
Aurangabad 742160",Family
subs-00159,Anya Shankar,2544900849,anyashankar@gmail.com,"228, Sha Ganj
Motihari 904854",Family
subs-00160,Kavya Rama,6862500550,kavyarama@gmail.com,"H.No. 086
Kunda Nagar
Jalandhar-331058",Family
subs-00163,Rhea Rajagopal,5650163699,rhea.rajagopal@outlook.com,"13, Kapur Ganj, Nanded 123509",Family
subs-00164,Anika Srinivasan,3545858275,anika.srinivasan@gmail.com,"H.No. 514, Bhandari Path, Vadodara 829978",Family
subs-00167,Urvi Sastry,5623113684,urvisastry@outlook.com,"H.No. 85, Varma Marg, South Dumdum-427783",Self
subs-00169,Amira Sama,9397205286,amirasama@outlook.com,"37, Gill Nagar, Aurangabad 667383",Self
subs-00170,Ranbir Rattan,6075926485,ranbir.rattan@hotmail.com,"H.No. 128, Sachdeva Street
Kishanganj-188920",Family
subs-00172,Ishaan Kaul,6639418395,ishaankaul@yahoo.com,"H.No. 233, Hora Ganj
Aizawl 603720",Self
subs-00174,Gatik Goyal,5288308832,gatik_goyal@yahoo.com,"89/102, Sheth Marg, Bikaner 176352",Self
subs-00175,Nirvaan Talwar,7726495560,nirvaan.talwar@yahoo.com,"H.No. 39, Thaman, Jalna 771253",Family
subs-00177,Taran Goswami,721064752,tarangoswami@yahoo.com,"H.No. 11
Anne, Siliguri-176551",Family
subs-00179,Purab Sankar,9146520458,purab.sankar@yahoo.com,"H.No. 77, Dube Marg
Sambhal 052547",Family
subs-00184,Dishani Savant,5309216779,dishani.savant@gmail.com,"22/604
Buch Street
Dehri 242420",Self
subs-00185,Anay Ramanathan,2334995823,anayramanathan@hotmail.com,"28/57
Lata Chowk
Sultan Pur Majra 437818",Family
subs-00188,Drishya Deshpande,7490827962,drishya_deshpande@hotmail.com,"09, Madan Nagar, Guna 290434",Self
subs-00189,Kiaan Dugar,5132759153,kiaan.dugar@hotmail.com,"H.No. 82
Borra Street, Cuttack-055127",Family
subs-00190,Umang Tara,5865053708,umang.tara@gmail.com,"60/80, Sheth Street, Proddatur 441540",Self
subs-00191,Kiara Kalla,5109547078,kiara.kalla@gmail.com,"00/04, Mangat Street
Visakhapatnam-957459",Family
subs-00193,Hridaan Badal,97865028,hridaan_badal@hotmail.com,"00/19, Mani, Aligarh 683411",Self
subs-00194,Pari Mangal,9040499646,pari.mangal@hotmail.com,"69/38, Chawla Chowk, Guntur 485687",Self
subs-00195,Shray Buch,5269436270,shray.buch@yahoo.com,"64/653
Bains Path
Howrah 870378",Family
subs-00196,Nirvaan Subramaniam,7703005372,nirvaan_subramaniam@hotmail.com,"72
Dhillon Nagar, Asansol-300799",Self
subs-00200,Riya Bahri,1626428461,riya.bahri@gmail.com,"877
Banik Marg, Jalgaon 997477",Family
subs-00201,Shamik Joshi,3348577457,shamikjoshi@yahoo.com,"52
Bawa Ganj
Satna-447374",Family
subs-00203,Yuvaan Ram,9287182865,yuvaan.ram@outlook.com,"H.No. 936
Vig Nagar, Vasai-Virar 408863",Family
subs-00204,Ivan Loke,7289894557,ivanloke@outlook.com,"899, D’Alia Ganj
Gangtok 284721",Self
subs-00205,Miraya Sinha,1288634178,miraya_sinha@outlook.com,"H.No. 692
Shroff Zila, Bijapur 703792",Family
subs-00206,Madhup Kara,8440212423,madhup.kara@outlook.com,"39/61
Gole Marg, Nangloi Jat 549039",Family
subs-00207,Yakshit Taneja,1944183860,yakshit_taneja@gmail.com,"01/713
Subramaniam Zila, Giridih-578715",Self
subs-00210,Aniruddh Master,6990029981,aniruddh_master@hotmail.com,"H.No. 89, Karnik Path
Mirzapur-903002",Family
subs-00214,Reyansh Borra,9767832573,reyansh_borra@hotmail.com,"646
Bhatia Street
Amravati 329186",Self
subs-00216,Vaibhav Kunda,130744702,vaibhavkunda@hotmail.com,"60
Bahri Circle, Kollam 429886",Family
subs-00223,Mohanlal Mane,5557355497,mohanlal.mane@hotmail.com,"76
Roy Zila
Mysore-738488",Family
subs-00226,Reyansh Joshi,5292387497,reyanshjoshi@gmail.com,"145, Deshpande Path, Kanpur-026831",Family
subs-00227,Divij Dani,8228725661,divijdani@outlook.com,"77/85
Chahal Ganj, Bokaro-275814",Family
subs-00235,Mishti Shenoy,4060661748,mishtishenoy@gmail.com,"H.No. 361, Bhandari, Khammam 032338",Self
subs-00241,Nitya Bandi,4787799049,nitya_bandi@hotmail.com,"989, Tella Marg
Ambala-923804",Self
subs-00242,Ehsaan Bath,3352988942,ehsaan_bath@outlook.com,"10
Ramaswamy Marg
Bhilai 219768",Self
subs-00243,Eshani Dave,3757847496,eshani_dave@yahoo.com,"99/859, Dalal Chowk
Kumbakonam 636712",Self
subs-00247,Keya Koshy,1163798474,keya.koshy@hotmail.com,"H.No. 54, Loke Nagar, Tiruvottiyur 631960",Self
subs-00249,Mannat Ray,7671242775,mannat_ray@yahoo.com,"H.No. 66, Kant Zila, Nellore 013433",Family
subs-00250,Lakshit Koshy,4177747743,lakshit_koshy@outlook.com,"17
Seshadri Nagar
Amravati-190854",Family
subs-00251,Lavanya Venkataraman,8738445593,lavanya_venkataraman@hotmail.com,"H.No. 519, Brahmbhatt Path
Kishanganj-982391",Self
subs-00252,Anay Kurian,3942960092,anay.kurian@yahoo.com,"H.No. 191, Balakrishnan Nagar, Salem 787242",Family
subs-00255,Anvi Keer,9909050671,anvikeer@hotmail.com,"H.No. 39
Bail Circle
Vasai-Virar 112088",Self
subs-00256,Azad Shetty,8136808234,azad.shetty@outlook.com,"949
Banik Chowk
Berhampore 086711",Family
subs-00257,Trisha Kulkarni,7313272701,trishakulkarni@hotmail.com,"H.No. 895, Dhar Path
Hospet-455617",Family
subs-00258,Shaan Bhalla,5844692701,shaan.bhalla@gmail.com,"87/249, Brar Road, Saharanpur-045421",Self
subs-00259,Rohan Atwal,6949066807,rohanatwal@yahoo.com,"21/10
Dash Street
Kurnool 966578",Family
subs-00261,Elakshi Bedi,2619644463,elakshi_bedi@outlook.com,"65, Dara Ganj
Bhiwandi 413667",Self
subs-00262,Tara Bassi,3663511105,tarabassi@yahoo.com,"58
Dada Chowk
Bareilly-695141",Family
subs-00263,Chirag Basu,76237662,chirag_basu@yahoo.com,"H.No. 970, Chhabra Path, Howrah 671562",Family
subs-00264,Pranay Keer,3857316506,pranay.keer@hotmail.com,"37/978, Doshi Nagar, Srikakulam 764459",Family
subs-00265,Veer Chatterjee,1418126118,veerchatterjee@outlook.com,"571
Guha, Karimnagar-591157",Family
subs-00267,Divyansh Johal,9773691918,divyansh_johal@outlook.com,"71/268, Chauhan Circle, Ujjain 481158",Self
subs-00268,Myra Jani,7473166746,myra_jani@hotmail.com,"H.No. 302, Dara Road
Purnia 170943",Family
subs-00270,Nirvaan Gola,2969385980,nirvaan_gola@hotmail.com,"32/89
Chada Zila, Dehradun 636709",Family
subs-00271,Kavya Sabharwal,2040763558,kavyasabharwal@outlook.com,"63/792
Borra Path
Solapur-595788",Family
subs-00272,Samaira Kumer,5753694912,samairakumer@outlook.com,"601
Khosla Marg
Allahabad 365272",Family
subs-00273,Ryan Sharma,1642298207,ryan.sharma@hotmail.com,"13, Buch Chowk
Alwar 341130",Family
subs-00274,Bhavin Deep,5541137153,bhavindeep@outlook.com,"H.No. 38
Date Circle
Kirari Suleman Nagar 503482",Family
subs-00275,Shanaya Vyas,1427825009,shanayavyas@gmail.com,"719
Kalla Ganj
Katihar 584485",Self
subs-00276,Misha Upadhyay,3619768095,misha.upadhyay@yahoo.com,"H.No. 20, Grewal Ganj
Thane-318994",Family
subs-00278,Indrajit Balay,5105272585,indrajit.balay@hotmail.com,"73/495, Kara Path
Gangtok 324575",Self
subs-00279,Kabir Goel,2268366029,kabirgoel@gmail.com,"25/42, Mane Chowk, Kadapa 350315",Family
subs-00280,Rasha Aurora,5779032780,rasha_aurora@hotmail.com,"39
Varghese Marg, Cuttack 305428",Family
subs-00281,Anay Gaba,5175389438,anay.gaba@hotmail.com,"54/94
Contractor Marg
Gurgaon-459912",Family
subs-00283,Vedika Dyal,2686973930,vedika_dyal@yahoo.com,"123
Dhillon Ganj, Coimbatore-245000",Self
subs-00284,Akarsh Mahal,5487909325,akarsh_mahal@outlook.com,"H.No. 36, Dubey
Indore-860383",Family
subs-00287,Yakshit Chanda,821879574,yakshitchanda@outlook.com,"485, Goswami Zila, Malegaon-760843",Family
subs-00291,Ryan Cherian,7616619204,ryancherian@gmail.com,"86/776
Deol Circle, Farrukhabad-076101",Family
subs-00292,Lavanya Verma,606210786,lavanyaverma@gmail.com,"747
Sengupta Nagar, Satna 161844",Family
subs-00295,Onkar Sahni,1223197848,onkar_sahni@outlook.com,"H.No. 22, Ramachandran Zila, Sangli-Miraj & Kupwad 995154",Family
subs-00296,Khushi Kapoor,8947247574,khushi.kapoor@gmail.com,"H.No. 95, Borah Nagar
Aurangabad-253602",Family
subs-00298,Azad Soman,5707509823,azad_soman@hotmail.com,"89/106, Sha Marg, Deoghar-263730",Family
subs-00300,Dhanuk Wadhwa,1247028822,dhanuk_wadhwa@hotmail.com,"H.No. 95, Sem Road, Nadiad-431910",Family
subs-00301,Tara Kannan,6121809640,tara_kannan@outlook.com,"869
Shah Ganj, Bikaner 309967",Family
subs-00302,Pihu Thakkar,45564367,pihu_thakkar@hotmail.com,"20
Balakrishnan Path, Ajmer-233812",Family
subs-00305,Ishita Bera,9271789814,ishitabera@gmail.com,"88/387
Zacharia Path
Alappuzha-077612",Self
subs-00306,Heer Bhalla,1394794883,heerbhalla@gmail.com,"11
Raj Marg
Coimbatore 547545",Self
subs-00309,Manikya Rajan,7935746760,manikya_rajan@outlook.com,"199
Srinivasan Street
Mathura-003300",Self
subs-00310,Rati Mandal,4027946937,ratimandal@gmail.com,"H.No. 465, Soman Road, Asansol 748228",Self
subs-00311,Amira Agrawal,5538859230,amira_agrawal@gmail.com,"H.No. 09
Singhal Zila
Hindupur-245544",Self
subs-00316,Ivana Mane,885716889,ivana_mane@hotmail.com,"33, Khare
Giridih 118232",Family
subs-00318,Stuvan Baria,410687443,stuvan.baria@yahoo.com,"25/40, Bora Chowk, Hyderabad-943562",Family
subs-00319,Mishti Sarraf,313945661,mishtisarraf@gmail.com,"347
Talwar Zila, Ramgarh 714581",Self
subs-00320,Lakshit Chad,1244823801,lakshitchad@yahoo.com,"H.No. 861, Sarin Nagar
Sonipat-949263",Family
subs-00321,Yuvraj  Ramakrishnan,1958319028,yuvraj.ramakrishnan@hotmail.com,"85
Sule Ganj
Rajkot-403583",Self
subs-00324,Divij Bal,5978648251,divij_bal@gmail.com,"96/12, Krishnamurthy Street, Bhilai-496032",Family
subs-00328,Jhanvi Char,5598679950,jhanvichar@yahoo.com,"866, Hans Circle, Kollam-242683",Family
subs-00329,Onkar Gola,1288069915,onkar_gola@gmail.com,"37/100
Yadav Road
Kota-220355",Self
subs-00333,Ehsaan Kala,6516210009,ehsaan.kala@outlook.com,"044, Balakrishnan
Hospet-883240",Self
subs-00335,Pari Kapadia,7682974550,pari_kapadia@hotmail.com,"77/904
Baral Road, Mehsana-277623",Self
subs-00336,Seher Khosla,2564039988,seher_khosla@hotmail.com,"06/629
Chahal Road, Coimbatore 114486",Self
subs-00337,Aniruddh Bhandari,1966452933,aniruddh.bhandari@gmail.com,"50/47
Sastry Zila, Miryalaguda-010661",Family
subs-00338,Arnav Cheema,2386412312,arnav_cheema@yahoo.com,"564
Dhar Zila
Rampur-259592",Family
subs-00341,Zara Sane,2803367685,zara_sane@gmail.com,"977
Rastogi Nagar
Madanapalle-482107",Family
subs-00345,Onkar Bath,9870676461,onkar.bath@outlook.com,"01/95, Kaul Marg
Bhind 222240",Family
subs-00349,Lakshit Chowdhury,8974557732,lakshit.chowdhury@gmail.com,"591
Biswas Path
Alwar 778896",Family
subs-00350,Kiara Sampath,6650046548,kiara_sampath@yahoo.com,"89/841
Bahl Circle, Agartala-430100",Family
subs-00352,Prerak Mand,8012900359,prerakmand@gmail.com,"14/10, Chaudhary Path
Arrah 877426",Self
subs-00355,Samarth Kohli,2291214525,samarth.kohli@gmail.com,"H.No. 34
Sawhney Nagar
Tumkur 206170",Family
subs-00356,Damini Gokhale,8059289409,damini.gokhale@gmail.com,"85/62
Sathe Road
Akola-925518",Self
subs-00357,Damini Ahuja,8014777953,damini.ahuja@gmail.com,"H.No. 437, Kanda
Satna-905967",Family
subs-00358,Ivan Sibal,5590112287,ivan_sibal@gmail.com,"93/547, Kuruvilla, Panipat 409428",Family
subs-00360,Divit Balan,326772538,divit.balan@hotmail.com,"H.No. 09, Bumb Path
Akola 533309",Family
subs-00361,Nehmat Walla,3010106703,nehmat_walla@hotmail.com,"03/742, Bedi Ganj, Proddatur 132816",Family
subs-00362,Yasmin Kata,4662816480,yasmin_kata@gmail.com,"H.No. 320
Maharaj Circle, Jamnagar-867175",Family
subs-00364,Faiyaz Master,7251500067,faiyazmaster@outlook.com,"H.No. 57
Mandal Road, Varanasi-715297",Self
subs-00366,Shamik Sani,5399896132,shamik_sani@outlook.com,"481
Dayal Street, Bokaro 901905",Family
subs-00367,Chirag Dara,9864116838,chiragdara@yahoo.com,"32
Gade Marg
Kharagpur 353540",Self
subs-00368,Shayak Vig,9320797174,shayakvig@yahoo.com,"51, Anne Street, Alwar 552000",Family
subs-00369,Priyansh Chawla,6750729466,priyansh.chawla@outlook.com,"H.No. 56
Choudhry
Bhilwara 898853",Family
subs-00372,Baiju Sane,1476279879,baiju_sane@gmail.com,"98/44
Basak Zila, Farrukhabad-069095",Self
subs-00373,Lagan Dass,7379258585,lagandass@outlook.com,"12/965, Chana Path, Nangloi Jat-232269",Family
subs-00375,Emir Bandi,5749961237,emirbandi@outlook.com,"10/227
Ratti Circle, Kurnool 621210",Self
subs-00377,Vritika Acharya,6181790491,vritika_acharya@yahoo.com,"083
Kulkarni Ganj, Vellore-657747",Family
subs-00379,Pranay Issac,5119575120,pranay.issac@yahoo.com,"87/16
Ahuja Ganj
Sonipat 402252",Family
subs-00380,Onkar Zachariah,4511545637,onkar_zachariah@gmail.com,"67
Chowdhury Zila, Durg-811332",Self
subs-00382,Madhup Das,556544505,madhupdas@hotmail.com,"51/98
Dube Chowk
Gaya-152247",Family
subs-00387,Rohan Goswami,3359504875,rohan.goswami@hotmail.com,"28/25, Cherian Chowk
Vadodara-813025",Family
subs-00389,Gokul Amble,3228986292,gokulamble@gmail.com,"H.No. 718, Keer, Panchkula-648048",Self
subs-00390,Nayantara Singh,6424299584,nayantarasingh@outlook.com,"00/38
Trivedi Street
Khammam 863711",Family
subs-00395,Taimur Kapoor,7427731146,taimurkapoor@outlook.com,"22
Sharaf Street, Sikar 097191",Self
subs-00397,Mamooty Wali,3484642460,mamooty.wali@outlook.com,"01/99
Mane
Bihar Sharif 245830",Family
subs-00403,Bhavin Raval,5348798047,bhavinraval@hotmail.com,"668, Dugar Marg, Ramgarh 749689",Family
subs-00406,Lagan Bassi,5761762663,lagan_bassi@outlook.com,"30
Tank Path
Nellore 611129",Self
subs-00411,Badal Raj,9566677527,badal_raj@hotmail.com,"30/907
Dhar Path
Gulbarga-200722",Family
subs-00413,Jiya Saha,9667899688,jiyasaha@gmail.com,"89/169
Deol Path, Visakhapatnam-881410",Family
subs-00415,Piya Roy,2218192887,piyaroy@hotmail.com,"64, Kanda Road
Bidhannagar 857572",Family
subs-00417,Urvi Kaur,3404433739,urvi_kaur@yahoo.com,"H.No. 02, Krishnan Road
Visakhapatnam 237222",Family
subs-00420,Tarini Dass,8519812147,tarinidass@outlook.com,"746, Borah Path, Parbhani-606764",Self
subs-00421,Kanav Lall,5377658165,kanavlall@gmail.com,"44/33, Kale Street, Allahabad-402484",Family
subs-00425,Trisha Toor,9366272854,trishatoor@outlook.com,"H.No. 891, Singhal Chowk
Chandrapur 001800",Family
subs-00427,Anahita Sachar,7766353752,anahita_sachar@yahoo.com,"H.No. 727
Kanda, Bhiwani 216419",Family
subs-00430,Biju Soni,5527210226,biju_soni@yahoo.com,"30, Dey Circle, Shimoga 954078",Family
subs-00431,Saksham Raju,2595590844,sakshamraju@outlook.com,"32/60
Badal Chowk
Ghaziabad-251328",Family
subs-00433,Kismat Saxena,8017898102,kismat.saxena@outlook.com,"H.No. 47, Gade Marg, Madhyamgram-560127",Family
subs-00435,Badal Dara,3726626475,badaldara@yahoo.com,"H.No. 88
Lad Ganj, Jalgaon-291638",Self
subs-00436,Arhaan Chopra,7209807591,arhaan.chopra@hotmail.com,"42/09
Garde Chowk, Faridabad 657479",Self
subs-00438,Drishya Dayal,4764206533,drishya_dayal@outlook.com,"523, Ramachandran Path, Ahmednagar 762384",Family
subs-00439,Nitara Iyengar,9143653576,nitaraiyengar@gmail.com,"60
Sule Road
Sambalpur 251791",Family
subs-00443,Bhavin Sekhon,5300482454,bhavin_sekhon@yahoo.com,"16/947, Tella Ganj
Ranchi-817789",Self
subs-00446,Advika Shanker,9264233405,advika_shanker@yahoo.com,"H.No. 43, Kurian Nagar
Korba-999754",Family
subs-00450,Shayak Barman,4318856533,shayak.barman@yahoo.com,"60/965
Mani Road
Aligarh 744138",Family
subs-00451,Zain Goswami,9549459258,zain_goswami@outlook.com,"H.No. 132, Bhattacharyya Marg
Hapur 626336",Family
subs-00452,Aaina Yohannan,2587300494,aaina_yohannan@hotmail.com,"492
Ahluwalia Street
Machilipatnam 800076",Family
subs-00456,Riya Keer,9860280597,riya_keer@outlook.com,"38/312
Ahluwalia Road, Patna 853671",Self
subs-00457,Azad Som,4585562240,azad_som@gmail.com,"H.No. 47
Bajwa Path
Guna-425618",Self
subs-00458,Saira Bava,1612041908,saira_bava@yahoo.com,"H.No. 61, Warrior Path, Kavali 833663",Self
subs-00459,Yuvraj  Shanker,891736608,yuvraj.shanker@gmail.com,"10
Tiwari Zila
Purnia 383996",Self
subs-00460,Alisha Biswas,4410527736,alisha_biswas@gmail.com,"H.No. 906, Tella Street
Tiruvottiyur-041553",Self
subs-00469,Devansh Sankar,9156982390,devansh.sankar@gmail.com,"H.No. 56
Varma Nagar, Rourkela-660639",Family
subs-00471,Dhanuk Banik,3078247977,dhanukbanik@outlook.com,"H.No. 48, Chaudhry Zila, Anantapur-711009",Self
subs-00472,Vritika Hari,419958293,vritika_hari@outlook.com,"H.No. 015
Kaur Chowk
Kulti-120265",Self
subs-00474,Nitara Dass,270183801,nitara_dass@yahoo.com,"H.No. 15, Halder Circle, Kozhikode 174986",Self
subs-00475,Saira Bumb,7349872235,saira.bumb@outlook.com,"H.No. 88, Subramanian Circle
Motihari-603539",Self
subs-00478,Diya Jaggi,558299473,diyajaggi@outlook.com,"H.No. 88, Tailor
Allahabad 790862",Self
subs-00479,Fateh Gandhi,6215085298,fateh_gandhi@hotmail.com,"84/080, Manda
Tadipatri-564390",Family
subs-00481,Anya Sama,3569506549,anyasama@yahoo.com,"04/770, Kalita Circle, Bijapur 035553",Self
subs-00482,Rohan Gala,2457523405,rohangala@yahoo.com,"H.No. 64, Atwal Marg
Bellary 415418",Self
subs-00483,Zeeshan Vala,3687220872,zeeshanvala@yahoo.com,"H.No. 928, Sarna Zila
Mathura-586947",Family
subs-00485,Zeeshan Mane,6133203354,zeeshan.mane@hotmail.com,"H.No. 58
Varughese Nagar
Yamunanagar-029658",Family
subs-00486,Darshit Sinha,4481155012,darshit.sinha@yahoo.com,"H.No. 167, Bhargava Road, Kamarhati-741209",Family
subs-00491,Kismat Ratti,8483946790,kismatratti@outlook.com,"H.No. 69, Borde Chowk, Guwahati 345374",Family
subs-00492,Raunak Savant,1022420778,raunak_savant@outlook.com,"113, Dayal Road, Karawal Nagar 692754",Self
subs-00493,Bhavin Krish,1031285942,bhavin.krish@outlook.com,"96/25, Kohli Street
Singrauli 164434",Self
subs-00495,Drishya Kurian,660809965,drishya.kurian@hotmail.com,"171, Mall Nagar, Pune 194522",Family
subs-00497,Kiara Sood,5131971664,kiarasood@yahoo.com,"60/109
Choudhry Street, Navi Mumbai 555284",Self
subs-00501,Dishani Desai,5536186300,dishani_desai@hotmail.com,"35, Sengupta Street, Ozhukarai 592615",Self
subs-00505,Fateh Mander,3038287530,fateh_mander@gmail.com,"43/914
Goswami Ganj, Loni-824117",Self
subs-00507,Prerak Maharaj,1479569368,prerak.maharaj@outlook.com,"H.No. 259
Ganguly Street, Jamshedpur-233095",Family
subs-00510,Kavya Gala,8425769695,kavya.gala@gmail.com,"22/86, Rajagopal Circle
Pudukkottai-504164",Family
subs-00511,Jiya Bose,3591527808,jiya.bose@yahoo.com,"89/935, Ganesh Path
Srinagar-617357",Self
subs-00513,Nirvaan Dixit,7883133690,nirvaandixit@gmail.com,"537
Kari Ganj
Udaipur 869523",Self
subs-00519,Vihaan Chandran,9203318829,vihaan.chandran@outlook.com,"H.No. 68, Khatri Zila, Gorakhpur 180624",Family
subs-00521,Nishith Jhaveri,4407678884,nishith_jhaveri@gmail.com,"96, Yohannan Circle
Gopalpur-808682",Family
subs-00522,Taimur Walia,8247122690,taimurwalia@hotmail.com,"79/33
Tella Street
Jaunpur 670443",Self
subs-00524,Shlok Kothari,7243609327,shlok_kothari@hotmail.com,"81/341, Saxena, Ambarnath 062029",Family
subs-00525,Aarush Chhabra,7877316157,aarush_chhabra@outlook.com,"92, Krishnamurthy, Bhusawal-269686",Family
subs-00527,Tiya Sundaram,5607322971,tiya_sundaram@outlook.com,"02/45, Banerjee Path, Loni 944494",Family
subs-00531,Jayesh Kumer,4483723512,jayesh_kumer@hotmail.com,"52, Kibe Road
Guntur-358755",Self
subs-00535,Prisha Seshadri,5800564515,prisha.seshadri@hotmail.com,"975
Sastry Ganj, Guna-048376",Self
subs-00536,Advik Chatterjee,533304223,advik.chatterjee@hotmail.com,"38/698, Ben Zila, Pimpri-Chinchwad 023341",Family
subs-00537,Saksham Bhasin,8831479890,saksham.bhasin@yahoo.com,"75/33, Subramaniam Nagar, Uluberia-589935",Family
subs-00538,Indrajit Chandra,4291919602,indrajit_chandra@yahoo.com,"98/963, Issac Circle
Kakinada-994037",Self
subs-00539,Zaina Chad,3196041732,zainachad@outlook.com,"418, Shere Circle
Nizamabad-158480",Self
subs-00540,Uthkarsh Gaba,7668424951,uthkarsh.gaba@hotmail.com,"H.No. 34, Ravel, Ambala-341312",Family
subs-00541,Pihu Bose,5831050641,pihu.bose@yahoo.com,"51, Banerjee Road
Bhilai-816999",Family
subs-00543,Ira Dua,2418641568,ira_dua@yahoo.com,"42/626
Sura Path, Pallavaram-960158",Self
subs-00545,Yakshit Warrior,2881648923,yakshit_warrior@outlook.com,"H.No. 261
Kalita Chowk
Tumkur-192979",Self
subs-00546,Dhanush Tara,4908901613,dhanush_tara@gmail.com,"H.No. 45
Balakrishnan Street
Agra 849269",Self
subs-00548,Baiju Rao,3008745410,baiju.rao@gmail.com,"80/474
Lanka Marg
Madurai-760303",Family
subs-00549,Ivana Bahl,2178957340,ivana.bahl@yahoo.com,"23, Lalla
Bhavnagar-942658",Family
subs-00550,Emir Som,5599857610,emir.som@hotmail.com,"26/306, Hayer Chowk, Chittoor 806557",Self
subs-00551,Rania Tailor,2564829534,rania_tailor@yahoo.com,"47/107
Bahl Zila, Karimnagar 839422",Self
subs-00552,Alisha Karan,9135951017,alisha_karan@yahoo.com,"26
Ray Street, Nashik 873291",Self
subs-00553,Jayesh Bera,2661352041,jayeshbera@outlook.com,"H.No. 53, Jain Nagar, Proddatur-645852",Self
subs-00554,Vaibhav Kota,5426286606,vaibhavkota@hotmail.com,"09/58, Sahota Marg, Raebareli 730560",Family
subs-00556,Saanvi Dixit,1121479611,saanvi.dixit@hotmail.com,"09/787
Dutt Path, Bally 830761",Self
subs-00559,Anvi Madan,7144401883,anvi_madan@gmail.com,"24/821, Dara Zila, Noida-421605",Self
subs-00561,Pranay Sahni,7977564796,pranaysahni@outlook.com,"614, Deep Nagar
Berhampur 649966",Family
subs-00565,Rohan Wali,9232241507,rohan_wali@gmail.com,"58/05, Char Circle, Jabalpur-199829",Self
subs-00568,Aaina Butala,6887290355,aainabutala@outlook.com,"16/213, Atwal Chowk, Silchar 318190",Family
subs-00569,Neysa Rau,9008478603,neysa.rau@yahoo.com,"H.No. 051, Uppal
Malda 954063",Family
subs-00570,Himmat Halder,1119643335,himmat.halder@yahoo.com,"738, Mangat Path
Amritsar-742044",Family
subs-00573,Lagan Ahluwalia,3417812998,lagan_ahluwalia@yahoo.com,"13/82, Arya Ganj, Tiruchirappalli 114829",Self
subs-00574,Dhanuk Ramaswamy,9794833497,dhanuk.ramaswamy@outlook.com,"22/146, Dutt Path
Saharsa 829725",Family
subs-00577,Advik Goel,4227048193,advik.goel@gmail.com,"H.No. 339, Bal Nagar
Gaya 647483",Family
subs-00579,Anvi Sundaram,634579515,anvi_sundaram@gmail.com,"93/356, Ganguly Street
Barasat 609815",Self
subs-00581,Ela Thakkar,4691088897,ela.thakkar@hotmail.com,"97/07
Bahl, Nellore-604201",Family
subs-00584,Vritika Yogi,3901662141,vritikayogi@gmail.com,"H.No. 719, Shere Chowk
Kishanganj-970261",Family
subs-00585,Veer Gopal,9270623496,veer.gopal@yahoo.com,"19, Dutt Ganj, Burhanpur-104154",Family
subs-00587,Tarini Chakraborty,8996326290,tarini_chakraborty@yahoo.com,"469, Khare
Jamalpur 218350",Family
subs-00588,Hridaan Sani,6909228948,hridaan_sani@outlook.com,"836, Soman Ganj
Jamnagar-268439",Family
subs-00589,Sana Badal,6001225140,sana_badal@hotmail.com,"39/15, Luthra Marg
Kota 810757",Self
subs-00593,Elakshi Lall,2884910346,elakshi.lall@outlook.com,"174, Chaudhry Street, Ichalkaranji-453269",Family
subs-00594,Zara Suri,2035605644,zara_suri@outlook.com,"51/40, Iyer Ganj, Mira-Bhayandar 557655",Family
subs-00595,Zara Sabharwal,6311968458,zarasabharwal@outlook.com,"57/47
Aurora Marg
Gulbarga 257220",Family
subs-00597,Saira Loyal,709782548,saira_loyal@outlook.com,"H.No. 314
Bhavsar Zila, Bhubaneswar 830893",Family
subs-00601,Samiha Banik,6851624594,samiha.banik@outlook.com,"H.No. 32
Dasgupta, Bhilwara 265677",Family
subs-00605,Sahil Barad,7041597607,sahilbarad@hotmail.com,"H.No. 147, Goel Zila
Mehsana-774138",Self
subs-00606,Adira Chadha,7620480386,adira_chadha@outlook.com,"05/250
Shetty Marg
Gudivada 395389",Self
subs-00607,Jhanvi Barad,4322800280,jhanvi_barad@gmail.com,"H.No. 553
Loke Nagar, Thoothukudi-828108",Self
subs-00608,Ira Tandon,5437587628,ira.tandon@gmail.com,"H.No. 57, Tiwari Path
Sirsa 767269",Family
subs-00612,Indranil Garg,4666496836,indranil_garg@gmail.com,"48/943
Ranganathan Street
Hospet-564453",Self
subs-00614,Kartik Kapur,921193527,kartik.kapur@gmail.com,"H.No. 32
Bumb Marg
Nangloi Jat 304107",Family
subs-00615,Uthkarsh Boase,6357882080,uthkarshboase@gmail.com,"H.No. 40, Gulati Ganj, Ambattur-861144",Self
subs-00617,Samarth Aggarwal,7172604682,samarthaggarwal@gmail.com,"66, Kaur Ganj
Moradabad-829166",Self
subs-00618,Ojas Gole,2319202616,ojas.gole@yahoo.com,"H.No. 952, Dada Path
Phusro 983197",Family
subs-00619,Azad Reddy,4164512678,azad.reddy@outlook.com,"37/052, Ratti Street, Kharagpur 877747",Family
subs-00622,Hrishita Cheema,5000845566,hrishita.cheema@outlook.com,"181
Kala Nagar, Raichur 029131",Family
subs-00623,Taimur Lal,8327223340,taimur_lal@outlook.com,"H.No. 704
Swaminathan Zila
Nanded 621134",Self
subs-00630,Raunak Mammen,9187113474,raunak_mammen@hotmail.com,"54/84, Agrawal Path, Khora  805789",Family
subs-00631,Nitya Suresh,6229829084,nitya.suresh@gmail.com,"H.No. 17
Rama Road, Vellore 600397",Self
subs-00635,Tarini Bains,7997257741,tarini.bains@hotmail.com,"89, Deshpande Circle, Hazaribagh 583654",Family
subs-00636,Tanya Sibal,5492003435,tanya.sibal@yahoo.com,"343
Iyer Street, Shimla 105020",Self
subs-00639,Nehmat Talwar,9345365417,nehmat_talwar@yahoo.com,"993
Dayal Zila
Ahmedabad 552939",Family
subs-00640,Kanav Rattan,7767993470,kanav_rattan@outlook.com,"02, Sabharwal Street
Mangalore 920098",Self
subs-00641,Purab Chand,6466255509,purabchand@outlook.com,"07
Loyal Nagar
Nagercoil 495171",Self
subs-00642,Samaira Chad,5307289750,samaira_chad@gmail.com,"28/423
Bhandari Chowk
Unnao-162073",Self
subs-00645,Siya Gill,5269526758,siya.gill@yahoo.com,"H.No. 47, Mane Zila, Chapra-965927",Family
subs-00646,Hunar Tata,4758772379,hunartata@hotmail.com,"77/776, Chacko Street, Lucknow-621616",Family
subs-00648,Anya Barad,1691292223,anya_barad@gmail.com,"H.No. 70, Badami Nagar
Hosur-011274",Family
subs-00653,Rania Venkatesh,5579311771,rania.venkatesh@yahoo.com,"858, Dhaliwal Path
Pimpri-Chinchwad-475530",Family
subs-00655,Tushar Dubey,3722368358,tushar_dubey@outlook.com,"29
Dutt Nagar, Bhopal 226238",Family
subs-00657,Vidur Srivastava,4849623459,vidur.srivastava@yahoo.com,"H.No. 63
Dhar Road
Jalna 504372",Family
subs-00658,Abram Mand,3077876993,abrammand@outlook.com,"05, Chakraborty Road, Ahmednagar 306439",Family
subs-00659,Tara Wadhwa,5231848363,tarawadhwa@gmail.com,"H.No. 51
Raj Street
Allahabad 349488",Self
subs-00660,Anaya Luthra,8156841128,anayaluthra@yahoo.com,"768, Randhawa Street, Madanapalle-110106",Self
subs-00662,Abram Vohra,2961901439,abramvohra@hotmail.com,"H.No. 262, Seth Marg
Kakinada 914070",Family
subs-00665,Kiara Master,6883926256,kiara_master@hotmail.com,"68/890, Handa Street, Suryapet 610256",Family
subs-00669,Vaibhav Raval,461534286,vaibhav_raval@gmail.com,"392, Edwin Ganj, Gangtok 291139",Family
subs-00671,Vaibhav Contractor,2086480730,vaibhav_contractor@yahoo.com,"24, Hans Zila, Bathinda-841680",Self
subs-00673,Kimaya Chauhan,3884218206,kimayachauhan@gmail.com,"94/21
Bobal Nagar, Phagwara-498432",Family
subs-00676,Drishya Lalla,7558528701,drishyalalla@outlook.com,"H.No. 979, Bobal Path
Tiruvottiyur 356561",Family
subs-00679,Indranil Gole,8063392443,indranil_gole@gmail.com,"64/50
Dyal Chowk
Dehri-092612",Self
subs-00680,Vihaan Sampath,3315517602,vihaansampath@gmail.com,"62, Lata Marg
Orai 135879",Family
subs-00682,Samiha Deshpande,9231004041,samiha.deshpande@outlook.com,"H.No. 860, Ram Circle
Parbhani 056889",Self
subs-00684,Ehsaan Buch,7007702867,ehsaan.buch@gmail.com,"75/89, Bhat Ganj
Akola-851471",Family
subs-00685,Parinaaz Kapoor,2524138158,parinaaz.kapoor@gmail.com,"H.No. 017
Bhasin Marg, Purnia 320162",Self
subs-00686,Vardaniya Dhar,2873650492,vardaniyadhar@yahoo.com,"99, Rege Path, Avadi 586438",Family
subs-00691,Divij Deshmukh,252947952,divijdeshmukh@outlook.com,"H.No. 90
Seshadri Chowk
Kolkata 984225",Family
subs-00692,Samiha Srivastava,1329879282,samihasrivastava@outlook.com,"093, Sodhi Nagar
Singrauli 317849",Family
subs-00693,Uthkarsh Kumar,1986366996,uthkarshkumar@outlook.com,"H.No. 10, Kari, Muzaffarnagar 434742",Family
subs-00694,Lakshay Dey,9113138633,lakshaydey@hotmail.com,"H.No. 05, Tank Road
Alappuzha-289287",Family
subs-00697,Kanav Kannan,4785821701,kanav.kannan@gmail.com,"69/670
Suri Path, Berhampore 632436",Self
subs-00698,Eshani Kara,5882623539,eshani_kara@gmail.com,"H.No. 21, Sahni Zila, Khammam 144427",Self
subs-00701,Gokul Batta,5050416886,gokul.batta@hotmail.com,"077, Sunder Marg
Panvel-657194",Self
subs-00702,Vihaan Vyas,7607212688,vihaan.vyas@yahoo.com,"H.No. 82, Contractor, Jehanabad-820126",Self
subs-00703,Anahi Warrior,8102068375,anahi.warrior@outlook.com,"53/939
Edwin Ganj, Kavali 737578",Self
subs-00706,Kanav Bhandari,7192732954,kanav.bhandari@hotmail.com,"H.No. 19
Wagle Nagar
Dibrugarh 223500",Family
subs-00707,Faiyaz Goswami,7701104153,faiyaz.goswami@outlook.com,"902
Golla Zila, Singrauli-950210",Family
subs-00710,Tarini Deep,8214866092,tarini.deep@outlook.com,"85/22, Krishna Zila, Bahraich-848556",Family
subs-00713,Ayesha Kata,7335618891,ayeshakata@outlook.com,"20/684
Barad Street, Pudukkottai-074728",Family
subs-00714,Vivaan Kohli,14233425,vivaankohli@gmail.com,"H.No. 07, Swaminathan Path, Haridwar-216656",Self
subs-00715,Nehmat Suresh,2085355108,nehmat.suresh@outlook.com,"247, Banerjee Street
Kolkata 032203",Family
subs-00716,Ela Uppal,5543806600,elauppal@hotmail.com,"H.No. 027, Dasgupta, Ambattur-811589",Family
subs-00718,Ryan Vyas,99718051,ryan.vyas@outlook.com,"44/674, Gera Road, Lucknow 654445",Self
subs-00719,Suhana Karan,8413272147,suhana.karan@gmail.com,"85/65, Suri Nagar
Nandyal-616305",Family
subs-00722,Divyansh Tak,9636340188,divyanshtak@outlook.com,"H.No. 53, Mannan Path
Karawal Nagar 390220",Self
subs-00724,Hunar Bhatnagar,4101067687,hunar_bhatnagar@gmail.com,"H.No. 62, Andra Path, Nandyal 734941",Self
subs-00725,Aniruddh Chakrabarti,9602095065,aniruddh_chakrabarti@outlook.com,"46, Kakar Chowk, Bongaigaon-215638",Family
subs-00727,Ranbir Char,6859517910,ranbir_char@outlook.com,"78
Chokshi Nagar
Buxar 705523",Self
subs-00730,Kavya Sarna,4464450561,kavya_sarna@yahoo.com,"H.No. 848
Bahri Zila
Parbhani-789108",Family
subs-00732,Nakul Sundaram,2383587117,nakulsundaram@outlook.com,"14/33
Bansal Marg, Madurai-196504",Family
subs-00734,Uthkarsh Chatterjee,476114089,uthkarshchatterjee@gmail.com,"29, Toor Ganj
Secunderabad 752111",Family
subs-00735,Samar Basak,3785592332,samar_basak@outlook.com,"H.No. 16, Khalsa, Firozabad 811558",Family
subs-00736,Samaira Iyer,1401531124,samaira_iyer@gmail.com,"247
Ramanathan Ganj
Kamarhati-306821",Family
subs-00738,Gokul Barad,8414682442,gokul.barad@yahoo.com,"H.No. 856
Mandal Chowk
Ulhasnagar-053352",Family
subs-00741,Neelofar Walia,615921136,neelofar_walia@hotmail.com,"15/258
Upadhyay Street, Ballia-696721",Family
subs-00743,Nakul Yohannan,2287137432,nakulyohannan@hotmail.com,"10/91, Soman Marg, Bokaro 843280",Self
subs-00747,Kartik Sachdeva,2745527005,kartik_sachdeva@hotmail.com,"66
Tara Chowk, Bardhaman 607477",Family
subs-00748,Ehsaan Viswanathan,5493460682,ehsaan_viswanathan@hotmail.com,"72, Subramanian Ganj, Ulhasnagar 436026",Family
subs-00754,Manikya Srinivas,2360220827,manikya_srinivas@gmail.com,"29/77
Bhandari Street
Gopalpur-183264",Family
subs-00755,Lakshit Manda,1294822721,lakshit_manda@yahoo.com,"93/391
Ganesh Marg
Hubli–Dharwad 246017",Self
subs-00757,Tara Goda,3456979673,tara_goda@gmail.com,"95/67
Subramanian Street
Narasaraopet-517878",Family
subs-00758,Vaibhav Kaul,738230307,vaibhavkaul@hotmail.com,"18/268, Baral Marg
Mathura 101876",Self
subs-00760,Shalv Ramesh,9509901236,shalvramesh@outlook.com,"H.No. 672
Bassi Circle
Machilipatnam-737110",Self
subs-00761,Anika Dugar,9516828897,anikadugar@yahoo.com,"794
Ahuja Chowk, Kurnool-193306",Self
subs-00762,Vanya Sarkar,7546841247,vanya.sarkar@hotmail.com,"292, Dara Nagar, Nellore-768047",Family
subs-00766,Charvi Mahal,2772663387,charvi.mahal@yahoo.com,"H.No. 59, Borah Path
Davanagere-691926",Family
subs-00769,Vaibhav Subramanian,7784215869,vaibhav.subramanian@outlook.com,"260, Kunda Path, Thane-869292",Self
subs-00773,Myra Ratti,5411883615,myra.ratti@yahoo.com,"44/591
Date Circle
Korba-356950",Family
subs-00774,Lavanya Rajagopalan,3622039095,lavanyarajagopalan@gmail.com,"426
Kothari
Baranagar 363753",Family
subs-00776,Saksham Walia,6535550714,saksham_walia@gmail.com,"53/895
Barad Path, Nashik-289358",Self
subs-00777,Charvi Rajagopal,5472264323,charvi.rajagopal@outlook.com,"51/942
Chakraborty Street
Tirunelveli 499032",Family
subs-00778,Charvi Sidhu,6560672724,charvi_sidhu@gmail.com,"45/369, Atwal Road, Amroha 211838",Self
subs-00782,Mohanlal Sarkar,3376323919,mohanlalsarkar@hotmail.com,"H.No. 34
Cherian Road, Satara-025621",Self
subs-00784,Arnav Deo,9656741659,arnavdeo@outlook.com,"604, Deol Path
Kolhapur-474391",Self
subs-00787,Vanya Borra,9470419238,vanya_borra@gmail.com,"29, Sunder, Vadodara-931328",Self
subs-00790,Ranbir Ganguly,5406340722,ranbir_ganguly@outlook.com,"001, Raja Street, Ludhiana 327707",Family
subs-00791,Aaina Venkataraman,9101957597,aainavenkataraman@outlook.com,"55/50, Raval Circle
Sambalpur 590380",Self
subs-00793,Veer Rajan,7144503590,veer_rajan@yahoo.com,"85/61
Sinha Nagar
Tumkur-359961",Family
subs-00794,Kiaan Sani,7618300612,kiaan_sani@hotmail.com,"65, Magar Zila
Berhampur-012570",Family
subs-00796,Hrishita Sheth,4592078071,hrishita_sheth@hotmail.com,"90/682, Kant Chowk
Kadapa-276282",Family
subs-00797,Raghav Iyengar,6570589820,raghaviyengar@yahoo.com,"H.No. 811, Soman, Chandigarh 868241",Self
subs-00798,Inaaya  Dass,1456532792,inaayadass@outlook.com,"65, Tiwari Nagar
Madhyamgram-066354",Family
subs-00803,Dhanush Shah,2518007861,dhanushshah@hotmail.com,"H.No. 664, Kalla Circle
Parbhani-698777",Family
subs-00806,Vedika Sekhon,9653112678,vedika.sekhon@outlook.com,"98/586
Handa Nagar, Agartala-622715",Self
subs-00816,Vihaan Ray,4664579010,vihaan.ray@hotmail.com,"00/51, Balasubramanian Chowk
Alappuzha 718764",Family
subs-00818,Mahika Hans,1116490085,mahikahans@gmail.com,"H.No. 53
Bajaj Street
Erode 424191",Family
subs-00820,Aradhya Cheema,8567988537,aradhya.cheema@outlook.com,"H.No. 25, Jain Chowk, Jalgaon-162325",Self
subs-00822,Mamooty Madan,6523349857,mamooty_madan@yahoo.com,"44/05, Hari Circle, Uluberia 688957",Family
subs-00823,Ehsaan Hari,2498599302,ehsaanhari@yahoo.com,"H.No. 096, Dani Chowk
Munger-505450",Self
subs-00824,Siya Sekhon,9671279716,siya.sekhon@gmail.com,"H.No. 121, Luthra
Bhilwara-435353",Family
subs-00830,Advik Lad,6091090755,advik_lad@hotmail.com,"38, Garg Marg
Ozhukarai-143758",Family
subs-00831,Inaaya  Dugar,1205582087,inaaya_dugar@yahoo.com,"H.No. 47, Sengupta Ganj
Solapur-917870",Family
subs-00832,Bhavin Rajan,5015124055,bhavin_rajan@outlook.com,"H.No. 601, Lad Road
Rewa-414632",Family
subs-00833,Dishani Dhillon,9052521397,dishani_dhillon@outlook.com,"597, Garg Street
Naihati-257232",Self
subs-00834,Ojas Kar,4384901084,ojas.kar@hotmail.com,"821
Dey Nagar, Amaravati-057564",Family
subs-00837,Alia Dutt,6753567060,alia.dutt@outlook.com,"72
Chaudry Chowk, Bhusawal-797415",Self
subs-00840,Jayesh Goda,6006408409,jayeshgoda@hotmail.com,"81/593, Arora Chowk
Jalgaon 918628",Self
subs-00843,Ira Bath,4590547579,ira_bath@outlook.com,"35/663, Batta Street, Muzaffarpur-911430",Self
subs-00844,Faiyaz Tripathi,234504365,faiyaz.tripathi@hotmail.com,"10
Raja Street, Tiruvottiyur-486499",Family
subs-00847,Hansh Apte,8959836062,hansh_apte@hotmail.com,"42/38
Bassi, Dehri-103465",Family
subs-00850,Navya Swaminathan,4654080689,navyaswaminathan@gmail.com,"H.No. 03
Kala Ganj, Junagadh-635582",Family
subs-00853,Himmat Grover,9686290987,himmat.grover@yahoo.com,"50/733, Magar Circle
Fatehpur-889847",Family
subs-00855,Shaan Gour,8454019446,shaangour@yahoo.com,"09/590
Cheema Marg, Maheshtala 999862",Family
subs-00856,Biju Master,7164170303,biju_master@yahoo.com,"347, Badami Path
Bidar-087055",Self
subs-00857,Mamooty Chopra,150858087,mamooty.chopra@hotmail.com,"54
Chand Street, Khammam 461519",Family
subs-00860,Suhana Kannan,5369137895,suhanakannan@gmail.com,"06/965, Gandhi, Haldia 895313",Self
subs-00862,Zain Venkatesh,878122998,zain.venkatesh@outlook.com,"923, Kara Street, Thoothukudi 989693",Self
subs-00871,Samarth Hegde,9169695740,samarthhegde@outlook.com,"47/24, Bhattacharyya Ganj, Raipur 770788",Family
subs-00872,Shayak Rana,7979275503,shayak.rana@yahoo.com,"H.No. 512
Hans Path, Bhilai-998715",Family
subs-00874,Shamik Varma,991678620,shamikvarma@yahoo.com,"879
Sankaran, Hospet-376990",Family
subs-00876,Saanvi Borah,8957056614,saanvi_borah@outlook.com,"50/52, Bahl Street, Berhampore 115108",Self
subs-00878,Divit Hari,7217232295,divit_hari@yahoo.com,"H.No. 046
Lala Zila
Amravati-673949",Family
subs-00880,Prisha Dhar,4434516296,prisha.dhar@outlook.com,"H.No. 079
Manne Circle
Panchkula-133442",Family
subs-00881,Ranbir Kapoor,9142209358,ranbirkapoor@outlook.com,"H.No. 296
Kulkarni Zila
Faridabad-309084",Self
subs-00885,Fateh Devan,8851041263,fateh.devan@yahoo.com,"96/52, Kadakia Circle, Ahmedabad-726241",Family
subs-00886,Lavanya Cherian,488496434,lavanyacherian@hotmail.com,"00/58
Luthra Circle
Allahabad-536715",Family
subs-00891,Kavya Tella,3282257808,kavya.tella@gmail.com,"32/76, Yohannan Zila
Bijapur 462136",Self
subs-00892,Dhanuk Dyal,775305084,dhanukdyal@hotmail.com,"H.No. 56, Sule Marg, Secunderabad-956108",Family
subs-00894,Kabir Samra,3530465987,kabir_samra@outlook.com,"52/92, Shanker Circle, Medininagar 475927",Family
subs-00895,Ritvik Khurana,3950405314,ritvik.khurana@gmail.com,"07/03
Dayal Zila
Hospet-458708",Family
subs-00896,Inaaya  Gour,7814587329,inaaya.gour@gmail.com,"H.No. 27
Bassi
Morbi 101550",Family
subs-00897,Sana Sandhu,4421107097,sanasandhu@yahoo.com,"65/46, Sekhon Zila
Bhiwani-713699",Family
subs-00898,Piya Balakrishnan,2474897096,piyabalakrishnan@hotmail.com,"H.No. 959, Anne Street
Shimoga 066688",Self
subs-00900,Madhav Rao,8434671351,madhav_rao@outlook.com,"814, Dutt Marg, Mira-Bhayandar 923117",Family
subs-00903,Hrishita Sekhon,6674519901,hrishitasekhon@gmail.com,"443, Gill Path
Bathinda 234687",Family
subs-00906,Ranbir Kar,4550403958,ranbir.kar@yahoo.com,"161, Dugar Street, Jodhpur 327256",Self
subs-00914,Anay Tailor,3143219857,anaytailor@hotmail.com,"841, Sama Road
Tumkur 216774",Family
subs-00929,Navya Talwar,5130462281,navyatalwar@yahoo.com,"62/919, Saha Nagar
Naihati-370095",Family
subs-00931,Lakshit Tella,7027740170,lakshittella@hotmail.com,"54
Bhagat, Raebareli-730661",Family
subs-00935,Aayush Sagar,356567466,aayush.sagar@hotmail.com,"00/980
Kala Street, Ludhiana 934949",Self
subs-00936,Manikya Tiwari,7931159852,manikyatiwari@gmail.com,"H.No. 99, Goel Zila, New Delhi 757998",Family
subs-00938,Kismat Kothari,7615322899,kismat_kothari@gmail.com,"H.No. 66
Shere Road, Agra 027545",Family
subs-00942,Kaira Loyal,957222882,kaira.loyal@gmail.com,"74/00
Sibal Marg, Khora -237497",Self
subs-00943,Zoya Anand,9888932431,zoya_anand@gmail.com,"02/905
Lala
Tiruvottiyur 083169",Family
subs-00944,Mahika Hayer,8473875869,mahikahayer@hotmail.com,"H.No. 323, Banerjee Zila
Panihati 826705",Family
subs-00946,Oorja Tella,4341630092,oorja.tella@outlook.com,"H.No. 07
Bali Street
Kalyan-Dombivli-410483",Family
subs-00948,Ivana Dada,2251140114,ivana_dada@outlook.com,"H.No. 060
Singhal Chowk, Shivpuri 225580",Self
subs-00954,Shlok Konda,4099017143,shlok_konda@outlook.com,"90, Dutta Chowk, Bidar-592395",Family
subs-00955,Mishti Sankaran,3330586566,mishti.sankaran@gmail.com,"98, Lad Nagar
Bhilai 346400",Family
subs-00958,Yakshit Sundaram,9796771719,yakshitsundaram@gmail.com,"11/140, Khurana Nagar
Sirsa 966224",Self
subs-00960,Baiju Cheema,8564613784,baijucheema@hotmail.com,"28/530, Roy Road
Kanpur-488924",Family
subs-00963,Shanaya Taneja,3779425598,shanaya_taneja@gmail.com,"H.No. 79, Sane Chowk
Sambhal 733182",Family
subs-00964,Ehsaan Chaudhry,1769881300,ehsaan.chaudhry@hotmail.com,"H.No. 440, Tailor Chowk, Sasaram 792436",Family
subs-00965,Ivana Balay,3849063645,ivana_balay@yahoo.com,"65/73
Goda Street
Kolkata-725382",Family
subs-00968,Anvi Kale,8500447449,anvi.kale@outlook.com,"41/169, Keer
Kozhikode-440945",Family
subs-00972,Lakshay Manda,9875560459,lakshay.manda@outlook.com,"82/598
Gera Circle, Mira-Bhayandar-356842",Family
subs-00973,Jhanvi Sethi,6113161715,jhanvi.sethi@hotmail.com,"60/714, Deshpande Marg
Bellary-470232",Family
subs-00974,Nirvaan Walla,9161706725,nirvaanwalla@gmail.com,"34/81, Kapur Marg, Korba 100407",Self
subs-00975,Pihu Chaudhry,5058005595,pihu.chaudhry@outlook.com,"75/44, Borah Road, Bathinda 747577",Family
subs-00981,Farhan Varty,1011926751,farhan_varty@gmail.com,"77/636, Edwin Ganj
Dindigul-148762",Family
subs-00983,Lakshit Bose,7276381664,lakshit.bose@yahoo.com,"705, Agate Ganj
Barasat 190970",Family
subs-00987,Yasmin Sachar,1879068751,yasmin.sachar@outlook.com,"59
Kurian Street
Bhagalpur-748436",Family
subs-00991,Vardaniya Yogi,8588916876,vardaniya_yogi@outlook.com,"623, Boase Road
Salem 262542",Family
subs-00993,Ojas Sha,5900162116,ojas_sha@yahoo.com,"H.No. 64
Kumer Marg
Gurgaon 850410",Family
subs-00996,Umang Uppal,1928684560,umang.uppal@gmail.com,"49, Rege Nagar, Deoghar-314697",Family
subs-01000,Ira Singhal,2622427804,irasinghal@hotmail.com,"H.No. 36
Buch Road, Bhopal-496725",Self
subs-01004,Jiya Bhakta,2850540045,jiya_bhakta@hotmail.com,"H.No. 464, Mangal Nagar
Hapur 414400",Self
subs-01007,Nakul Soni,2674529498,nakul_soni@yahoo.com,"59/071
Ramakrishnan Path, Gudivada-194238",Family
subs-01010,Mishti Dhingra,5710159371,mishti.dhingra@hotmail.com,"052, Datta Street, Anantapuram-126489",Family
subs-01011,Biju Johal,174905542,biju_johal@yahoo.com,"98
Mahajan Street
Alwar 271872",Family
subs-01012,Myra Ahuja,3575213356,myraahuja@outlook.com,"H.No. 36, Walia Zila, Solapur-087434",Family
subs-01013,Priyansh Vyas,8492880071,priyanshvyas@gmail.com,"59/15
Varughese Path
Bhalswa Jahangir Pur 350551",Family
subs-01017,Bhavin Sharma,2981868001,bhavinsharma@gmail.com,"078
Kant Nagar, Ghaziabad 879368",Family
subs-01018,Kismat Ram,5660577286,kismat_ram@yahoo.com,"89/286
Aggarwal Path
Guntur-652180",Family
subs-01022,Samar Gour,376668659,samar_gour@gmail.com,"223
Ahuja Ganj
New Delhi 274079",Family
subs-01023,Myra Setty,6952748786,myra.setty@yahoo.com,"H.No. 019, Chhabra Ganj, Pallavaram-464595",Family
subs-01024,Inaaya  Chadha,1637323514,inaayachadha@gmail.com,"94/21
Sankar Marg, Meerut 216481",Family
subs-01026,Jivika Das,5939305984,jivika.das@hotmail.com,"28/105, Chatterjee Marg
Medininagar 408476",Family
subs-01027,Eva Sahni,1531119231,eva.sahni@yahoo.com,"07
Toor Path, Etawah-190336",Family
subs-01028,Jivin Gulati,2202268029,jivin_gulati@yahoo.com,"299, Baral Road, Satara-334280",Self
subs-01031,Alisha Bhatnagar,5014160828,alishabhatnagar@yahoo.com,"H.No. 65
Kulkarni, Udaipur-170331",Family
subs-01036,Ishita Srivastava,4890125173,ishita_srivastava@gmail.com,"H.No. 601, Hayre Chowk, Rourkela 453546",Family
subs-01037,Shalv Kaul,7738076523,shalv.kaul@yahoo.com,"H.No. 978, Hans Zila, Nagpur 390083",Family
subs-01038,Abram Loke,6680690496,abramloke@gmail.com,"989
Shroff Circle, Korba-055871",Family
subs-01039,Vedika Sangha,9915451089,vedika.sangha@yahoo.com,"44, Thaker Path
Kochi 799347",Self
subs-01040,Neelofar Chadha,6532723929,neelofar_chadha@outlook.com,"103, Tandon Circle
Agartala 358773",Family
subs-01042,Elakshi Sawhney,4680875307,elakshi_sawhney@hotmail.com,"H.No. 297, Sibal Marg
Kanpur 950141",Self
subs-01046,Anika Sarin,9674704376,anika.sarin@outlook.com,"84, Goel Ganj, Nandyal 962956",Family
subs-01047,Mannat Banik,6488133132,mannat_banik@yahoo.com,"H.No. 62, Lata Path
Tadepalligudem-980646",Family
subs-01051,Misha Reddy,3171125060,misha.reddy@hotmail.com,"50/578
Sandal Street
Jalandhar 332828",Family
subs-01052,Rohan Sandhu,7812113166,rohan_sandhu@yahoo.com,"17/096, Vyas Street, Aurangabad 204575",Family
subs-01054,Vritika Vala,9872592142,vritika_vala@gmail.com,"13/638, Raj Street
Belgaum-644044",Family
subs-01055,Urvi Cherian,1734638024,urvi.cherian@gmail.com,"78/95, Barman Road, Hindupur 020036",Family
subs-01058,Diya Desai,6572367577,diya.desai@gmail.com,"45/746
Hari Circle
Bhopal 271227",Self
subs-01060,Nayantara Devi,9799236274,nayantara_devi@gmail.com,"H.No. 975
Saha Path, Singrauli-623259",Family
subs-01061,Anahita Luthra,8399745377,anahita_luthra@hotmail.com,"79
Johal Circle
Jodhpur 759036",Self
subs-01062,Siya Sanghvi,423203146,siya_sanghvi@hotmail.com,"55/507
Toor Path, Sikar-914928",Family
subs-01063,Rhea Saraf,9959063340,rhea_saraf@yahoo.com,"92, Vaidya Nagar
Shivpuri 218931",Family
subs-01064,Vivaan Chaudhari,8411980747,vivaan.chaudhari@outlook.com,"H.No. 10
Gopal Ganj
Ozhukarai-670080",Family
subs-01066,Nirvaan Kalita,8574583389,nirvaan.kalita@gmail.com,"38/02
Trivedi Road
Munger-622323",Family
subs-01067,Kashvi Subramanian,8718822846,kashvi.subramanian@outlook.com,"613, Bala Path, Kishanganj-033758",Family
subs-01071,Adah Bhasin,9582342187,adahbhasin@outlook.com,"82/04
Dubey Ganj
Sasaram-896323",Family
subs-01073,Riya Thakur,6959551271,riyathakur@yahoo.com,"941, Bhalla Zila, Raebareli 294650",Self
subs-01075,Miraan Sant,9947477403,miraansant@yahoo.com,"H.No. 81, Chawla Path, Jamalpur 438489",Family
subs-01078,Pranay Kari,7978236652,pranay_kari@outlook.com,"H.No. 18
Sharaf Nagar, Madanapalle 026927",Self
subs-01083,Jayesh Kashyap,7892614894,jayesh.kashyap@gmail.com,"68, Raju Nagar, Chapra 068178",Family
subs-01084,Ranbir Mane,5831399171,ranbirmane@hotmail.com,"79/625, Kota Zila
Morbi 425509",Self
subs-01089,Alia Bhandari,9254778774,alia.bhandari@hotmail.com,"43/592, Sridhar
Chandigarh-736076",Family
subs-01092,Arnav Rajagopalan,7180467621,arnav_rajagopalan@hotmail.com,"H.No. 19
Zachariah Nagar, Pune 262739",Self
subs-01095,Kavya Arora,3764337604,kavya_arora@gmail.com,"H.No. 46
Sachdeva Road, Patna 352157",Self
subs-01098,Samarth Dewan,4577763257,samarth.dewan@gmail.com,"706, Kale Marg, Bharatpur 753906",Self
subs-01100,Alia Bhakta,7605302580,alia.bhakta@gmail.com,"548, Dyal
Muzaffarnagar-968067",Self
subs-01102,Myra Bora,3867664771,myra_bora@gmail.com,"968, Bajaj Street, Durgapur 612374",Self
subs-01103,Vritika Dutta,5684731060,vritikadutta@hotmail.com,"H.No. 640
Vora Chowk, Dehradun-757549",Family
subs-01105,Kiaan Gupta,5309797724,kiaan.gupta@gmail.com,"87/31, Sandhu Chowk
Ramgarh-597229",Family
subs-01106,Kabir Som,6910247196,kabir_som@outlook.com,"H.No. 667
Sampath
Kulti 813592",Family
subs-01111,Kiara Vohra,7411266835,kiara.vohra@yahoo.com,"H.No. 722, Sangha Marg
Anantapuram 220081",Family
subs-01112,Ehsaan Karnik,5111298194,ehsaan_karnik@outlook.com,"835
Varughese Ganj
Guna-393942",Family
subs-01116,Urvi Subramanian,5365411339,urvisubramanian@yahoo.com,"H.No. 28, Agrawal Road, Vijayawada 365873",Self
subs-01118,Renee Balasubramanian,735029719,renee_balasubramanian@yahoo.com,"17/46, Brar Street
Davanagere-531704",Family
subs-01119,Gatik Tella,6164108696,gatiktella@yahoo.com,"H.No. 647, Bail Zila, Pali-828290",Self
subs-01121,Mahika Brahmbhatt,5181180068,mahikabrahmbhatt@outlook.com,"329
Ganesh Path, Eluru 346747",Self
subs-01123,Yasmin Venkataraman,1332696879,yasmin_venkataraman@outlook.com,"18
Johal Circle, Parbhani 232105",Self
subs-01125,Madhav Chana,2177560133,madhav.chana@outlook.com,"02/988, Vyas Street
Korba 115455",Family
subs-01126,Sumer Sharaf,7912891798,sumersharaf@hotmail.com,"43/643
Sundaram Ganj, Pimpri-Chinchwad 127964",Self
subs-01127,Biju Wadhwa,6020993189,biju_wadhwa@outlook.com,"H.No. 587, Sharma Ganj
Moradabad-194870",Family
subs-01128,Oorja Kohli,7012312377,oorjakohli@outlook.com,"H.No. 106
Kalita Street
Mysore-964882",Self
subs-01131,Dishani Sandhu,4119874406,dishani.sandhu@yahoo.com,"70
Chandra Road
Kishanganj 673891",Family
subs-01133,Madhav Kapoor,503893738,madhav_kapoor@outlook.com,"64/205, Bala Chowk
Loni-572227",Family
subs-01135,Raunak Chandra,1423056295,raunakchandra@gmail.com,"16/60
Sekhon Ganj, Bidhannagar 705999",Self
subs-01137,Mahika Vohra,5736532276,mahika.vohra@gmail.com,"607, Bose Marg
Guntur-395232",Self
subs-01138,Romil Sule,2447533654,romilsule@gmail.com,"073, Borra Ganj
Jehanabad 041334",Family
subs-01139,Krish Wadhwa,2506255455,krish.wadhwa@gmail.com,"613, Mani Road
Thrissur-805615",Self
subs-01148,Onkar Mander,4147660029,onkar.mander@yahoo.com,"H.No. 856, Verma Marg
Pondicherry-298542",Family
subs-01149,Dishani Dhaliwal,905786307,dishani.dhaliwal@gmail.com,"88, Kaul Nagar, Ghaziabad-344778",Family
subs-01150,Mehul Ganesan,1646463731,mehulganesan@outlook.com,"89/957
Randhawa Chowk, Bellary 877279",Self
subs-01151,Piya Dube,2411343583,piyadube@hotmail.com,"61/91
Ram Zila, Gandhidham-650570",Family
subs-01153,Adira Seth,9135979895,adira.seth@yahoo.com,"350
Goyal Nagar
Kakinada-888047",Family
subs-01155,Mohanlal Hora,4302637892,mohanlal.hora@yahoo.com,"14/318
Dara Chowk
Kollam-518101",Family
subs-01157,Tushar Mallick,5300459949,tushar_mallick@outlook.com,"H.No. 799
Chhabra Road, Tiruchirappalli-334174",Family
subs-01159,Ayesha Gandhi,5582832408,ayesha.gandhi@hotmail.com,"59/24
Dugar Street
Bellary 785458",Self
subs-01161,Kismat Gara,4315534434,kismat.gara@gmail.com,"H.No. 519
Dhaliwal
Etawah 464435",Self
subs-01163,Tarini Mand,4597963561,tarini.mand@hotmail.com,"H.No. 989
Shukla Ganj, Patiala 329352",Family
subs-01165,Samar Iyengar,9940256884,samar_iyengar@yahoo.com,"01, Choudhury Road, Amroha-333534",Self
subs-01166,Ritvik Ramesh,2184891905,ritvik.ramesh@hotmail.com,"57/082, Karpe Path, Satara-695988",Family
subs-01168,Uthkarsh Kota,9567397537,uthkarshkota@gmail.com,"H.No. 98, Handa Street, Bangalore 742271",Family
subs-01169,Suhana Bhatnagar,9471719191,suhanabhatnagar@outlook.com,"H.No. 540, Grewal Zila, Rajkot 199310",Self
subs-01170,Kaira Gola,7345809567,kairagola@outlook.com,"31/48, Babu Road, Fatehpur-713330",Family
subs-01173,Ayesha Magar,1740393219,ayesha.magar@hotmail.com,"01, Vora Marg
Rajkot 502257",Family
subs-01174,Dhanush Karan,5466332189,dhanush.karan@hotmail.com,"88/11
Korpal
Dewas-893569",Family
subs-01177,Rhea Bala,1199628095,rheabala@gmail.com,"206, Divan Nagar
Nandyal-110628",Family
subs-01178,Adira Chokshi,7942170253,adirachokshi@gmail.com,"511, Sani Road, Ulhasnagar-794943",Self
subs-01179,Umang Balasubramanian,1912950512,umangbalasubramanian@hotmail.com,"50/09
Walia Ganj
Raichur-916814",Family
subs-01180,Ishaan Lala,4472878190,ishaan.lala@yahoo.com,"25
Rajagopalan Marg, Raebareli-167531",Family
subs-01184,Kavya Shan,6480055793,kavya.shan@outlook.com,"10, Sharma, Bhopal-015129",Self
subs-01186,Priyansh Jhaveri,3761542481,priyanshjhaveri@outlook.com,"84/21
Sha
Bhimavaram 810498",Self
subs-01187,Saira Shenoy,8437739129,sairashenoy@hotmail.com,"38
Sangha Circle, Kakinada-342718",Family
subs-01188,Mishti Agate,124468330,mishti.agate@hotmail.com,"H.No. 07
Arya Nagar
Jorhat 809478",Self
subs-01190,Vidur Acharya,6705334393,viduracharya@hotmail.com,"83
Dewan Circle
Jehanabad-238776",Family
subs-01192,Mishti Chandran,4753429905,mishti.chandran@yahoo.com,"H.No. 89
Arora Ganj
Vadodara-585536",Family
subs-01193,Mishti Keer,2989911614,mishti.keer@gmail.com,"46/858
Rajagopal Circle, Visakhapatnam-402445",Self
subs-01196,Divij Sabharwal,790833861,divijsabharwal@gmail.com,"H.No. 223
Bahri Chowk
Aligarh-046338",Family
subs-01200,Amira Kala,6474462046,amirakala@gmail.com,"49/61, Vig Circle
Silchar 917760",Family
subs-01202,Kaira Konda,4540406080,kaira_konda@hotmail.com,"H.No. 638, Savant Circle
Saharanpur-575323",Self
subs-01204,Anahi Krishnan,6050740158,anahikrishnan@gmail.com,"26/039
Garde, Gopalpur 061198",Self
subs-01208,Shanaya Sarkar,3910292701,shanaya.sarkar@yahoo.com,"22/617
Kara
Sirsa-682692",Family
subs-01210,Keya Chaudry,753555592,keya.chaudry@hotmail.com,"56/90
Soman Street, Sonipat 353139",Self
subs-01214,Eshani Viswanathan,3514588487,eshaniviswanathan@hotmail.com,"340
Dugar Path, Nandyal 492560",Family
subs-01215,Amani Grewal,6316023021,amani_grewal@hotmail.com,"533
Hans Street, Dehri 067657",Self
subs-01217,Vihaan Babu,5849790550,vihaan.babu@yahoo.com,"H.No. 493, Rajan Ganj, Jalandhar 791094",Self
